customer_id,Target_20724,Target_20725,Target_20726,Target_20727,Target_20728,Target_20914,Target_21080,Target_21212,Target_21232,Target_21754,Target_21790,Target_21931,Target_21977,Target_22178,Target_22197,Target_22355,Target_84879,Target_84991,Target_85099B,Target_85099C,Target_85123A
12347,0,0,0,0,0,0,0,0,0,0,0,0,0,0,0,0,0,0,0,0,0
12349,0,0,0,0,0,0,0,0,0,0,0,0,0,0,0,0,0,0,0,0,0
12352,0,0,0,0,0,0,0,0,0,0,0,0,0,0,0,0,0,0,0,0,0
12357,0,0,0,0,0,0,0,0,0,0,0,0,0,0,0,0,0,0,0,0,0
12359,0,0,0,0,0,0,0,0,0,0,0,0,0,0,0,0,0,0,0,0,0
12362,0,0,0,0,0,0,0,0,0,0,0,0,0,0,0,0,0,0,0,0,0
12364,0,0,0,0,0,0,0,0,0,0,0,0,0,0,0,0,0,0,0,0,0
12370,0,0,0,0,0,0,0,0,0,0,0,0,0,0,0,0,0,0,0,0,0
12371,0,0,0,0,0,0,0,0,0,0,0,0,0,0,0,0,0,0,0,0,0
12375,0,0,0,0,0,0,0,0,0,0,0,0,0,0,0,0,0,0,0,0,0
12380,0,0,0,0,0,0,0,0,0,0,0,0,0,0,0,0,0,0,0,0,0
12381,0,0,0,0,0,0,0,0,0,0,0,0,0,0,0,0,0,0,0,0,0
12391,0,0,0,0,0,0,0,0,0,0,0,0,0,0,0,0,0,0,0,0,0
12406,0,0,0,0,0,0,0,0,0,0,0,0,0,0,0,0,0,0,0,0,0
12413,0,0,0,0,0,0,0,0,0,0,0,0,0,0,0,0,0,0,0,0,0
12415,0,0,0,0,0,0,0,0,0,0,0,0,0,0,0,0,0,0,0,0,0
12423,0,0,0,0,0,0,0,0,0,0,0,0,0,0,0,0,0,0,0,0,0
12428,0,0,0,0,0,0,0,0,0,0,0,0,0,0,0,0,0,0,0,0,0
12431,0,0,0,0,0,0,0,0,0,0,0,0,0,0,0,0,0,0,0,0,0
12432,0,0,0,0,0,0,0,0,0,0,0,0,0,0,0,0,0,0,0,0,0
12433,0,0,0,0,0,0,0,0,0,0,0,0,0,0,0,0,0,0,0,0,0
12437,0,0,0,0,0,0,0,0,0,0,0,0,0,0,0,0,0,0,0,0,0
12438,0,0,0,0,0,0,0,0,0,0,0,0,0,0,0,0,0,0,0,0,0
12449,0,0,0,0,0,0,0,0,0,0,0,0,0,0,0,0,0,0,0,0,0
12451,0,0,0,0,0,0,0,0,0,0,0,0,0,0,0,0,0,0,0,0,0
12456,0,0,0,0,0,0,0,0,0,0,0,0,0,0,0,0,0,0,0,0,0
12462,0,0,0,0,0,0,0,0,0,0,0,0,0,0,0,0,0,0,0,0,0
12463,0,0,0,0,0,0,0,0,0,0,0,0,0,0,0,0,0,0,0,0,0
12471,0,0,0,0,0,0,0,0,0,0,0,0,0,0,0,0,0,0,0,0,0
12472,0,0,0,0,0,0,0,0,0,0,0,0,0,0,0,0,0,0,0,0,0
12473,0,0,0,0,0,0,0,0,0,0,0,0,0,0,0,0,0,0,0,0,0
12474,0,0,0,0,0,0,0,0,0,0,0,0,0,0,0,0,0,0,0,0,0
12475,0,0,0,0,0,0,0,0,0,0,0,0,0,0,0,0,0,0,0,0,0
12476,0,0,0,0,0,0,0,0,0,0,0,0,0,0,0,0,0,0,0,0,0
12477,0,0,0,0,0,0,0,0,0,0,0,0,0,0,0,0,0,0,0,0,0
12484,0,0,0,0,0,0,0,0,0,0,0,0,0,0,0,0,0,0,0,0,0
12490,0,0,0,0,0,0,0,0,0,0,0,0,0,0,0,0,0,0,0,0,0
12492,0,0,0,0,0,0,0,0,0,0,0,0,0,0,0,0,0,0,0,0,0
12494,0,0,0,0,0,0,0,0,0,0,0,0,0,0,0,0,0,0,0,0,0
12517,0,0,0,0,0,0,0,0,0,0,0,0,0,0,0,0,0,0,0,0,0
12519,0,0,0,0,0,0,0,0,0,0,0,0,0,0,0,0,0,0,0,0,0
12523,0,0,0,0,0,0,0,0,0,0,0,0,0,0,0,0,0,0,0,0,0
12526,0,0,0,0,0,0,0,0,0,0,0,0,0,0,0,0,0,0,0,0,0
12528,0,0,0,0,0,0,0,0,0,0,0,0,0,0,0,0,0,0,0,0,0
12530,0,0,0,0,0,0,0,0,0,0,0,0,0,0,0,0,0,0,0,0,0
12539,0,0,0,0,0,0,0,0,0,0,0,0,0,0,0,0,0,0,0,0,0
12540,0,0,0,0,0,0,0,0,0,0,0,0,0,0,0,0,0,0,0,0,0
12541,0,0,0,0,0,0,0,0,0,0,0,0,0,0,0,0,0,0,0,0,0
12553,0,0,0,0,0,0,0,0,0,0,0,0,0,0,0,0,0,0,0,0,0
12556,0,0,0,0,0,0,0,0,0,0,0,0,0,0,0,0,0,0,0,0,0
12557,0,0,0,0,0,0,0,0,0,0,0,0,0,0,0,0,0,0,0,0,0
12560,0,0,0,0,0,0,0,0,0,0,0,0,0,0,0,0,0,0,0,0,0
12562,0,0,0,0,0,0,0,0,0,0,0,0,0,0,0,0,0,0,0,0,0
12567,0,0,0,0,0,0,0,0,0,0,0,0,0,0,0,0,0,0,0,0,0
12569,0,0,0,0,0,0,0,0,0,0,0,0,0,0,0,0,0,0,0,0,0
12571,0,0,0,0,0,0,0,0,0,0,0,0,0,0,0,0,0,0,0,0,0
12577,0,0,0,0,0,0,0,0,0,0,0,0,0,0,0,0,0,0,0,0,0
12583,0,0,0,0,0,0,0,0,0,0,0,0,0,0,0,0,0,0,0,0,0
12584,0,0,0,0,0,0,0,0,0,0,0,0,0,0,0,0,0,0,0,0,0
12586,0,0,0,0,0,0,0,0,0,0,0,0,0,0,0,0,0,0,0,0,0
12594,0,0,0,0,0,0,0,0,0,0,0,0,0,0,0,0,0,0,0,0,0
12597,0,0,0,0,0,0,0,0,0,0,0,0,0,0,0,0,0,0,0,0,0
12598,0,0,0,0,0,0,0,0,0,0,0,0,0,0,0,0,0,0,0,0,0
12600,0,0,0,0,0,0,0,0,0,0,0,0,0,0,0,0,0,0,0,0,0
12615,0,0,0,0,0,0,0,0,0,0,0,0,0,0,0,0,0,0,0,0,0
12619,0,0,0,0,0,0,0,0,0,0,0,0,0,0,0,0,0,0,0,0,0
12620,0,0,0,0,0,0,0,0,0,0,0,0,0,0,0,0,0,0,0,0,0
12621,0,0,0,0,0,0,0,0,0,0,0,0,0,0,0,0,0,0,0,0,0
12626,0,0,0,0,0,0,0,0,0,0,0,0,0,0,0,0,0,0,0,0,0
12627,0,0,0,0,0,0,0,0,0,0,0,0,0,0,0,0,0,0,0,0,0
12631,0,0,0,0,0,0,0,0,0,0,0,0,0,0,0,0,0,0,0,0,0
12637,0,0,0,0,0,0,0,0,0,0,0,0,0,0,0,0,0,0,0,0,0
12638,0,0,0,0,0,0,0,0,0,0,0,0,0,0,0,0,0,0,0,0,0
12656,0,0,0,0,0,0,0,0,0,0,0,0,0,0,0,0,0,0,0,0,0
12662,0,0,0,0,0,0,0,0,0,0,0,0,0,0,0,0,0,0,0,0,0
12668,0,0,0,0,0,0,0,0,0,0,0,0,0,0,0,0,0,0,0,0,0
12673,0,0,0,0,0,0,0,0,0,0,0,0,0,0,0,0,0,0,0,0,0
12678,0,0,0,0,0,0,0,0,0,0,0,0,0,0,0,0,0,0,0,0,0
12679,0,0,0,0,0,0,0,0,0,0,0,0,0,0,0,0,0,0,0,0,0
12681,0,0,0,0,0,0,0,0,0,0,0,0,0,0,0,0,0,0,0,0,0
12682,0,0,0,0,0,0,0,0,0,0,0,0,0,0,0,0,0,0,0,0,0
12683,0,0,0,0,0,0,0,0,0,0,0,0,0,0,0,0,0,0,0,0,0
12684,0,0,0,0,0,0,0,0,0,0,0,0,0,0,0,0,0,0,0,0,0
12685,0,0,0,0,0,0,0,0,0,0,0,0,0,0,0,0,0,0,0,0,0
12689,0,0,0,0,0,0,0,0,0,0,0,0,0,0,0,0,0,0,0,0,0
12700,0,0,0,0,0,0,0,0,0,0,0,0,0,0,0,0,0,0,0,0,0
12705,0,0,0,0,0,0,0,0,0,0,0,0,0,0,0,0,0,0,0,0,0
12709,0,0,0,0,0,0,0,0,0,0,0,0,0,0,0,0,0,0,0,0,0
12720,0,0,0,0,0,0,0,0,0,0,0,0,0,0,0,0,0,0,0,0,0
12721,0,0,0,0,0,0,0,0,0,0,0,0,0,0,0,0,0,0,0,0,0
12724,0,0,0,0,0,0,0,0,0,0,0,0,0,0,0,0,0,0,0,0,0
12726,0,0,0,0,0,0,0,0,0,0,0,0,0,0,0,0,0,0,0,0,0
12731,0,0,0,0,0,0,0,0,0,0,0,0,0,0,0,0,0,0,0,0,0
12744,0,0,0,0,0,0,0,0,0,0,0,0,0,0,0,0,0,0,0,0,0
12747,0,0,0,0,0,0,0,0,0,0,0,0,0,0,0,0,0,0,0,0,0
12748,0,0,0,0,0,0,0,0,0,0,0,0,0,0,0,0,0,0,0,0,0
12757,0,0,0,0,0,0,0,0,0,0,0,0,0,0,0,0,0,0,0,0,0
12759,0,0,0,0,0,0,0,0,0,0,0,0,0,0,0,0,0,0,0,0,0
12766,0,0,0,0,0,0,0,0,0,0,0,0,0,0,0,0,0,0,0,0,0
12779,0,0,0,0,0,0,0,0,0,0,0,0,0,0,0,0,0,0,0,0,0
12782,0,0,0,0,0,0,0,0,0,0,0,0,0,0,0,0,0,0,0,0,0
12784,0,0,0,0,0,0,0,0,0,0,0,0,0,0,0,0,0,0,0,0,0
12785,0,0,0,0,0,0,0,0,0,0,0,0,0,0,0,0,0,0,0,0,0
12794,0,0,0,0,0,0,0,0,0,0,0,0,0,0,0,0,0,0,0,0,0
12826,0,0,0,0,0,0,0,0,0,0,0,0,0,0,0,0,0,0,0,0,0
12830,0,0,0,0,0,0,0,0,0,0,0,0,0,0,0,0,0,0,0,0,0
12836,0,0,0,0,0,0,0,0,0,0,0,0,0,0,0,0,0,0,0,0,0
12838,0,0,0,0,0,0,0,0,0,0,0,0,0,0,0,0,0,0,0,0,0
12839,0,0,0,0,0,0,0,0,0,0,0,0,0,0,0,0,0,0,0,0,0
12841,0,0,0,0,0,0,0,0,0,0,0,0,0,0,0,0,0,0,0,0,0
12863,0,0,0,0,0,0,0,0,0,0,0,0,0,0,0,0,0,0,0,0,0
12867,0,0,0,0,0,0,0,0,0,0,0,0,0,0,0,0,0,0,0,0,0
12876,0,0,0,0,0,0,0,0,0,0,0,0,0,0,0,0,0,0,0,0,0
12877,0,0,0,0,0,0,0,0,0,0,0,0,0,0,0,0,0,0,0,0,0
12883,0,0,0,0,0,0,0,0,0,0,0,0,0,0,0,0,0,0,0,0,0
12890,0,0,0,0,0,0,0,0,0,0,0,0,0,0,0,0,0,0,0,0,0
12895,0,0,0,0,0,0,0,0,0,0,0,0,0,0,0,0,0,0,0,0,0
12901,0,0,0,0,0,0,0,0,0,0,0,0,0,0,0,0,0,0,0,0,0
12904,0,0,0,0,0,0,0,0,0,0,0,0,0,0,0,0,0,0,0,0,0
12913,0,0,0,0,0,0,0,0,0,0,0,0,0,0,0,0,0,0,0,0,0
12920,0,0,0,0,0,0,0,0,0,0,0,0,0,0,0,0,0,0,0,0,0
12921,0,0,0,0,0,0,0,0,0,0,0,0,0,0,0,0,0,0,0,0,0
12931,0,0,0,0,0,0,0,0,0,0,0,0,0,0,0,0,0,0,0,0,0
12933,0,0,0,0,0,0,0,0,0,0,0,0,0,0,0,0,0,0,0,0,0
12935,0,0,0,0,0,0,0,0,0,0,0,0,0,0,0,0,0,0,0,0,0
12937,0,0,0,0,0,0,0,0,0,0,0,0,0,0,0,0,0,0,0,0,0
12939,0,0,0,0,0,0,0,0,0,0,0,0,0,0,0,0,0,0,0,0,0
12948,0,0,0,0,0,0,0,0,0,0,0,0,0,0,0,0,0,0,0,0,0
12949,0,0,0,0,0,0,0,0,0,0,0,0,0,0,0,0,0,0,0,0,0
12952,0,0,0,0,0,0,0,0,0,0,0,0,0,0,0,0,0,0,0,0,0
12953,0,0,0,0,0,0,0,0,0,0,0,0,0,0,0,0,0,0,0,0,0
12955,0,0,0,0,0,0,0,0,0,0,0,0,0,0,0,0,0,0,0,0,0
12957,0,0,0,0,0,0,0,0,0,0,0,0,0,0,0,0,0,0,0,0,0
12970,0,0,0,0,0,0,0,0,0,0,0,0,0,0,0,0,0,0,0,0,0
12971,0,0,0,0,0,0,0,0,0,0,0,0,0,0,0,0,0,0,0,0,0
12989,0,0,0,0,0,0,0,0,0,0,0,0,0,0,0,0,0,0,0,0,0
12990,0,0,0,0,0,0,0,0,0,0,0,0,0,0,0,0,0,0,0,0,0
12997,0,0,0,0,0,0,0,0,0,0,0,0,0,0,0,0,0,0,0,0,0
13001,0,0,0,0,0,0,0,0,0,0,0,0,0,0,0,0,0,0,0,0,0
13004,0,0,0,0,0,0,0,0,0,0,0,0,0,0,0,0,0,0,0,0,0
13014,0,0,0,0,0,0,0,0,0,0,0,0,0,0,0,0,0,0,0,0,0
13015,0,0,0,0,0,0,0,0,0,0,0,0,0,0,0,0,0,0,0,0,0
13018,0,0,0,0,0,0,0,0,0,0,0,0,0,0,0,0,0,0,0,0,0
13021,0,0,0,0,0,0,0,0,0,0,0,0,0,0,0,0,0,0,0,0,0
13029,0,0,0,0,0,0,0,0,0,0,0,0,0,0,0,0,0,0,0,0,0
13030,0,0,0,0,0,0,0,0,0,0,0,0,0,0,0,0,0,0,0,0,0
13032,0,0,0,0,0,0,0,0,0,0,0,0,0,0,0,0,0,0,0,0,0
13046,0,0,0,0,0,0,0,0,0,0,0,0,0,0,0,0,0,0,0,0,0
13048,0,0,0,0,0,0,0,0,0,0,0,0,0,0,0,0,0,0,0,0,0
13050,0,0,0,0,0,0,0,0,0,0,0,0,0,0,0,0,0,0,0,0,0
13068,0,0,0,0,0,0,0,0,0,0,0,0,0,0,0,0,0,0,0,0,0
13077,0,0,0,0,0,0,0,0,0,0,0,0,0,0,0,0,0,0,0,0,0
13078,0,0,0,0,0,0,0,0,0,0,0,0,0,0,0,0,0,0,0,0,0
13081,0,0,0,0,0,0,0,0,0,0,0,0,0,0,0,0,0,0,0,0,0
13089,0,0,0,0,0,0,0,0,0,0,0,0,0,0,0,0,0,0,0,0,0
13090,0,0,0,0,0,0,0,0,0,0,0,0,0,0,0,0,0,0,0,0,0
13098,0,0,0,0,0,0,0,0,0,0,0,0,0,0,0,0,0,0,0,0,0
13102,0,0,0,0,0,0,0,0,0,0,0,0,0,0,0,0,0,0,0,0,0
13103,0,0,0,0,0,0,0,0,0,0,0,0,0,0,0,0,0,0,0,0,0
13109,0,0,0,0,0,0,0,0,0,0,0,0,0,0,0,0,0,0,0,0,0
13113,0,0,0,0,0,0,0,0,0,0,0,0,0,0,0,0,0,0,0,0,0
13115,0,0,0,0,0,0,0,0,0,0,0,0,0,0,0,0,0,0,0,0,0
13118,0,0,0,0,0,0,0,0,0,0,0,0,0,0,0,0,0,0,0,0,0
13126,0,0,0,0,0,0,0,0,0,0,0,0,0,0,0,0,0,0,0,0,0
13131,0,0,0,0,0,0,0,0,0,0,0,0,0,0,0,0,0,0,0,0,0
13137,0,0,0,0,0,0,0,0,0,0,0,0,0,0,0,0,0,0,0,0,0
13139,0,0,0,0,0,0,0,0,0,0,0,0,0,0,0,0,0,0,0,0,0
13148,0,0,0,0,0,0,0,0,0,0,0,0,0,0,0,0,0,0,0,0,0
13157,0,0,0,0,0,0,0,0,0,0,0,0,0,0,0,0,0,0,0,0,0
13159,0,0,0,0,0,0,0,0,0,0,0,0,0,0,0,0,0,0,0,0,0
13167,0,0,0,0,0,0,0,0,0,0,0,0,0,0,0,0,0,0,0,0,0
13168,0,0,0,0,0,0,0,0,0,0,0,0,0,0,0,0,0,0,0,0,0
13173,0,0,0,0,0,0,0,0,0,0,0,0,0,0,0,0,0,0,0,0,0
13174,0,0,0,0,0,0,0,0,0,0,0,0,0,0,0,0,0,0,0,0,0
13178,0,0,0,0,0,0,0,0,0,0,0,0,0,0,0,0,0,0,0,0,0
13209,0,0,0,0,0,0,0,0,0,0,0,0,0,0,0,0,0,0,0,0,0
13213,0,0,0,0,0,0,0,0,0,0,0,0,0,0,0,0,0,0,0,0,0
13224,0,0,0,0,0,0,0,0,0,0,0,0,0,0,0,0,0,0,0,0,0
13225,0,0,0,0,0,0,0,0,0,0,0,0,0,0,0,0,0,0,0,0,0
13230,0,0,0,0,0,0,0,0,0,0,0,0,0,0,0,0,0,0,0,0,0
13232,0,0,0,0,0,0,0,0,0,0,0,0,0,0,0,0,0,0,0,0,0
13236,0,0,0,0,0,0,0,0,0,0,0,0,0,0,0,0,0,0,0,0,0
13238,0,0,0,0,0,0,0,0,0,0,0,0,0,0,0,0,0,0,0,0,0
13246,0,0,0,0,0,0,0,0,0,0,0,0,0,0,0,0,0,0,0,0,0
13258,0,0,0,0,0,0,0,0,0,0,0,0,0,0,0,0,0,0,0,0,0
13263,0,0,0,0,0,0,0,0,0,0,0,0,0,0,0,0,0,0,0,0,0
13267,0,0,0,0,0,0,0,0,0,0,0,0,0,0,0,0,0,0,0,0,0
13268,0,0,0,0,0,0,0,0,0,0,0,0,0,0,0,0,0,0,0,0,0
13269,0,0,0,0,0,0,0,0,0,0,0,0,0,0,0,0,0,0,0,0,0
13272,0,0,0,0,0,0,0,0,0,0,0,0,0,0,0,0,0,0,0,0,0
13277,0,0,0,0,0,0,0,0,0,0,0,0,0,0,0,0,0,0,0,0,0
13278,0,0,0,0,0,0,0,0,0,0,0,0,0,0,0,0,0,0,0,0,0
13285,0,0,0,0,0,0,0,0,0,0,0,0,0,0,0,0,0,0,0,0,0
13292,0,0,0,0,0,0,0,0,0,0,0,0,0,0,0,0,0,0,0,0,0
13297,0,0,0,0,0,0,0,0,0,0,0,0,0,0,0,0,0,0,0,0,0
13305,0,0,0,0,0,0,0,0,0,0,0,0,0,0,0,0,0,0,0,0,0
13309,0,0,0,0,0,0,0,0,0,0,0,0,0,0,0,0,0,0,0,0,0
13310,0,0,0,0,0,0,0,0,0,0,0,0,0,0,0,0,0,0,0,0,0
13313,0,0,0,0,0,0,0,0,0,0,0,0,0,0,0,0,0,0,0,0,0
13317,0,0,0,0,0,0,0,0,0,0,0,0,0,0,0,0,0,0,0,0,0
13319,0,0,0,0,0,0,0,0,0,0,0,0,0,0,0,0,0,0,0,0,0
13324,0,0,0,0,0,0,0,0,0,0,0,0,0,0,0,0,0,0,0,0,0
13327,0,0,0,0,0,0,0,0,0,0,0,0,0,0,0,0,0,0,0,0,0
13344,0,0,0,0,0,0,0,0,0,0,0,0,0,0,0,0,0,0,0,0,0
13365,0,0,0,0,0,0,0,0,0,0,0,0,0,0,0,0,0,0,0,0,0
13373,0,0,0,0,0,0,0,0,0,0,0,0,0,0,0,0,0,0,0,0,0
13379,0,0,0,0,0,0,0,0,0,0,0,0,0,0,0,0,0,0,0,0,0
13381,0,0,0,0,0,0,0,0,0,0,0,0,0,0,0,0,0,0,0,0,0
13384,0,0,0,0,0,0,0,0,0,0,0,0,0,0,0,0,0,0,0,0,0
13394,0,0,0,0,0,0,0,0,0,0,0,0,0,0,0,0,0,0,0,0,0
13396,0,0,0,0,0,0,0,0,0,0,0,0,0,0,0,0,0,0,0,0,0
13408,0,0,0,0,0,0,0,0,0,0,0,0,0,0,0,0,0,0,0,0,0
13421,0,0,0,0,0,0,0,0,0,0,0,0,0,0,0,0,0,0,0,0,0
13426,0,0,0,0,0,0,0,0,0,0,0,0,0,0,0,0,0,0,0,0,0
13428,0,0,0,0,0,0,0,0,0,0,0,0,0,0,0,0,0,0,0,0,0
13429,0,0,0,0,0,0,0,0,0,0,0,0,0,0,0,0,0,0,0,0,0
13430,0,0,0,0,0,0,0,0,0,0,0,0,0,0,0,0,0,0,0,0,0
13448,0,0,0,0,0,0,0,0,0,0,0,0,0,0,0,0,0,0,0,0,0
13450,0,0,0,0,0,0,0,0,0,0,0,0,0,0,0,0,0,0,0,0,0
13451,0,0,0,0,0,0,0,0,0,0,0,0,0,0,0,0,0,0,0,0,0
13455,0,0,0,0,0,0,0,0,0,0,0,0,0,0,0,0,0,0,0,0,0
13456,0,0,0,0,0,0,0,0,0,0,0,0,0,0,0,0,0,0,0,0,0
13458,0,0,0,0,0,0,0,0,0,0,0,0,0,0,0,0,0,0,0,0,0
13461,0,0,0,0,0,0,0,0,0,0,0,0,0,0,0,0,0,0,0,0,0
13464,0,0,0,0,0,0,0,0,0,0,0,0,0,0,0,0,0,0,0,0,0
13481,0,0,0,0,0,0,0,0,0,0,0,0,0,0,0,0,0,0,0,0,0
13488,0,0,0,0,0,0,0,0,0,0,0,0,0,0,0,0,0,0,0,0,0
13496,0,0,0,0,0,0,0,0,0,0,0,0,0,0,0,0,0,0,0,0,0
13500,0,0,0,0,0,0,0,0,0,0,0,0,0,0,0,0,0,0,0,0,0
13507,0,0,0,0,0,0,0,0,0,0,0,0,0,0,0,0,0,0,0,0,0
13509,0,0,0,0,0,0,0,0,0,0,0,0,0,0,0,0,0,0,0,0,0
13510,0,0,0,0,0,0,0,0,0,0,0,0,0,0,0,0,0,0,0,0,0
13523,0,0,0,0,0,0,0,0,0,0,0,0,0,0,0,0,0,0,0,0,0
13524,0,0,0,0,0,0,0,0,0,0,0,0,0,0,0,0,0,0,0,0,0
13525,0,0,0,0,0,0,0,0,0,0,0,0,0,0,0,0,0,0,0,0,0
13527,0,0,0,0,0,0,0,0,0,0,0,0,0,0,0,0,0,0,0,0,0
13534,0,0,0,0,0,0,0,0,0,0,0,0,0,0,0,0,0,0,0,0,0
13544,0,0,0,0,0,0,0,0,0,0,0,0,0,0,0,0,0,0,0,0,0
13546,0,0,0,0,0,0,0,0,0,0,0,0,0,0,0,0,0,0,0,0,0
13549,0,0,0,0,0,0,0,0,0,0,0,0,0,0,0,0,0,0,0,0,0
13557,0,0,0,0,0,0,0,0,0,0,0,0,0,0,0,0,0,0,0,0,0
13565,0,0,0,0,0,0,0,0,0,0,0,0,0,0,0,0,0,0,0,0,0
13566,0,0,0,0,0,0,0,0,0,0,0,0,0,0,0,0,0,0,0,0,0
13569,0,0,0,0,0,0,0,0,0,0,0,0,0,0,0,0,0,0,0,0,0
13571,0,0,0,0,0,0,0,0,0,0,0,0,0,0,0,0,0,0,0,0,0
13575,0,0,0,0,0,0,0,0,0,0,0,0,0,0,0,0,0,0,0,0,0
13576,0,0,0,0,0,0,0,0,0,0,0,0,0,0,0,0,0,0,0,0,0
13577,0,0,0,0,0,0,0,0,0,0,0,0,0,0,0,0,0,0,0,0,0
13588,0,0,0,0,0,0,0,0,0,0,0,0,0,0,0,0,0,0,0,0,0
13590,0,0,0,0,0,0,0,0,0,0,0,0,0,0,0,0,0,0,0,0,0
13591,0,0,0,0,0,0,0,0,0,0,0,0,0,0,0,0,0,0,0,0,0
13594,0,0,0,0,0,0,0,0,0,0,0,0,0,0,0,0,0,0,0,0,0
13598,0,0,0,0,0,0,0,0,0,0,0,0,0,0,0,0,0,0,0,0,0
13601,0,0,0,0,0,0,0,0,0,0,0,0,0,0,0,0,0,0,0,0,0
13607,0,0,0,0,0,0,0,0,0,0,0,0,0,0,0,0,0,0,0,0,0
13610,0,0,0,0,0,0,0,0,0,0,0,0,0,0,0,0,0,0,0,0,0
13614,0,0,0,0,0,0,0,0,0,0,0,0,0,0,0,0,0,0,0,0,0
13629,0,0,0,0,0,0,0,0,0,0,0,0,0,0,0,0,0,0,0,0,0
13630,0,0,0,0,0,0,0,0,0,0,0,0,0,0,0,0,0,0,0,0,0
13632,0,0,0,0,0,0,0,0,0,0,0,0,0,0,0,0,0,0,0,0,0
13634,0,0,0,0,0,0,0,0,0,0,0,0,0,0,0,0,0,0,0,0,0
13635,0,0,0,0,0,0,0,0,0,0,0,0,0,0,0,0,0,0,0,0,0
13636,0,0,0,0,0,0,0,0,0,0,0,0,0,0,0,0,0,0,0,0,0
13637,0,0,0,0,0,0,0,0,0,0,0,0,0,0,0,0,0,0,0,0,0
13643,0,0,0,0,0,0,0,0,0,0,0,0,0,0,0,0,0,0,0,0,0
13647,0,0,0,0,0,0,0,0,0,0,0,0,0,0,0,0,0,0,0,0,0
13650,0,0,0,0,0,0,0,0,0,0,0,0,0,0,0,0,0,0,0,0,0
13652,0,0,0,0,0,0,0,0,0,0,0,0,0,0,0,0,0,0,0,0,0
13654,0,0,0,0,0,0,0,0,0,0,0,0,0,0,0,0,0,0,0,0,0
13657,0,0,0,0,0,0,0,0,0,0,0,0,0,0,0,0,0,0,0,0,0
13668,0,0,0,0,0,0,0,0,0,0,0,0,0,0,0,0,0,0,0,0,0
13680,0,0,0,0,0,0,0,0,0,0,0,0,0,0,0,0,0,0,0,0,0
13681,0,0,0,0,0,0,0,0,0,0,0,0,0,0,0,0,0,0,0,0,0
13689,0,0,0,0,0,0,0,0,0,0,0,0,0,0,0,0,0,0,0,0,0
13694,0,0,0,0,0,0,0,0,0,0,0,0,0,0,0,0,0,0,0,0,0
13695,0,0,0,0,0,0,0,0,0,0,0,0,0,0,0,0,0,0,0,0,0
13705,0,0,0,0,0,0,0,0,0,0,0,0,0,0,0,0,0,0,0,0,0
13709,0,0,0,0,0,0,0,0,0,0,0,0,0,0,0,0,0,0,0,0,0
13719,0,0,0,0,0,0,0,0,0,0,0,0,0,0,0,0,0,0,0,0,0
13721,0,0,0,0,0,0,0,0,0,0,0,0,0,0,0,0,0,0,0,0,0
13727,0,0,0,0,0,0,0,0,0,0,0,0,0,0,0,0,0,0,0,0,0
13736,0,0,0,0,0,0,0,0,0,0,0,0,0,0,0,0,0,0,0,0,0
13756,0,0,0,0,0,0,0,0,0,0,0,0,0,0,0,0,0,0,0,0,0
13758,0,0,0,0,0,0,0,0,0,0,0,0,0,0,0,0,0,0,0,0,0
13761,0,0,0,0,0,0,0,0,0,0,0,0,0,0,0,0,0,0,0,0,0
13767,0,0,0,0,0,0,0,0,0,0,0,0,0,0,0,0,0,0,0,0,0
13769,0,0,0,0,0,0,0,0,0,0,0,0,0,0,0,0,0,0,0,0,0
13771,0,0,0,0,0,0,0,0,0,0,0,0,0,0,0,0,0,0,0,0,0
13772,0,0,0,0,0,0,0,0,0,0,0,0,0,0,0,0,0,0,0,0,0
13777,0,0,0,0,0,0,0,0,0,0,0,0,0,0,0,0,0,0,0,0,0
13782,0,0,0,0,0,0,0,0,0,0,0,0,0,0,0,0,0,0,0,0,0
13791,0,0,0,0,0,0,0,0,0,0,0,0,0,0,0,0,0,0,0,0,0
13798,0,0,0,0,0,0,0,0,0,0,0,0,0,0,0,0,0,0,0,0,0
13812,0,0,0,0,0,0,0,0,0,0,0,0,0,0,0,0,0,0,0,0,0
13815,0,0,0,0,0,0,0,0,0,0,0,0,0,0,0,0,0,0,0,0,0
13823,0,0,0,0,0,0,0,0,0,0,0,0,0,0,0,0,0,0,0,0,0
13827,0,0,0,0,0,0,0,0,0,0,0,0,0,0,0,0,0,0,0,0,0
13831,0,0,0,0,0,0,0,0,0,0,0,0,0,0,0,0,0,0,0,0,0
13835,0,0,0,0,0,0,0,0,0,0,0,0,0,0,0,0,0,0,0,0,0
13854,0,0,0,0,0,0,0,0,0,0,0,0,0,0,0,0,0,0,0,0,0
13860,0,0,0,0,0,0,0,0,0,0,0,0,0,0,0,0,0,0,0,0,0
13862,0,0,0,0,0,0,0,0,0,0,0,0,0,0,0,0,0,0,0,0,0
13865,0,0,0,0,0,0,0,0,0,0,0,0,0,0,0,0,0,0,0,0,0
13867,0,0,0,0,0,0,0,0,0,0,0,0,0,0,0,0,0,0,0,0,0
13870,0,0,0,0,0,0,0,0,0,0,0,0,0,0,0,0,0,0,0,0,0
13871,0,0,0,0,0,0,0,0,0,0,0,0,0,0,0,0,0,0,0,0,0
13875,0,0,0,0,0,0,0,0,0,0,0,0,0,0,0,0,0,0,0,0,0
13881,0,0,0,0,0,0,0,0,0,0,0,0,0,0,0,0,0,0,0,0,0
13883,0,0,0,0,0,0,0,0,0,0,0,0,0,0,0,0,0,0,0,0,0
13884,0,0,0,0,0,0,0,0,0,0,0,0,0,0,0,0,0,0,0,0,0
13894,0,0,0,0,0,0,0,0,0,0,0,0,0,0,0,0,0,0,0,0,0
13895,0,0,0,0,0,0,0,0,0,0,0,0,0,0,0,0,0,0,0,0,0
13899,0,0,0,0,0,0,0,0,0,0,0,0,0,0,0,0,0,0,0,0,0
13904,0,0,0,0,0,0,0,0,0,0,0,0,0,0,0,0,0,0,0,0,0
13924,0,0,0,0,0,0,0,0,0,0,0,0,0,0,0,0,0,0,0,0,0
13939,0,0,0,0,0,0,0,0,0,0,0,0,0,0,0,0,0,0,0,0,0
13949,0,0,0,0,0,0,0,0,0,0,0,0,0,0,0,0,0,0,0,0,0
13950,0,0,0,0,0,0,0,0,0,0,0,0,0,0,0,0,0,0,0,0,0
13956,0,0,0,0,0,0,0,0,0,0,0,0,0,0,0,0,0,0,0,0,0
13962,0,0,0,0,0,0,0,0,0,0,0,0,0,0,0,0,0,0,0,0,0
13969,0,0,0,0,0,0,0,0,0,0,0,0,0,0,0,0,0,0,0,0,0
13971,0,0,0,0,0,0,0,0,0,0,0,0,0,0,0,0,0,0,0,0,0
13975,0,0,0,0,0,0,0,0,0,0,0,0,0,0,0,0,0,0,0,0,0
13982,0,0,0,0,0,0,0,0,0,0,0,0,0,0,0,0,0,0,0,0,0
13983,0,0,0,0,0,0,0,0,0,0,0,0,0,0,0,0,0,0,0,0,0
13985,0,0,0,0,0,0,0,0,0,0,0,0,0,0,0,0,0,0,0,0,0
13988,0,0,0,0,0,0,0,0,0,0,0,0,0,0,0,0,0,0,0,0,0
13989,0,0,0,0,0,0,0,0,0,0,0,0,0,0,0,0,0,0,0,0,0
13991,0,0,0,0,0,0,0,0,0,0,0,0,0,0,0,0,0,0,0,0,0
13992,0,0,0,0,0,0,0,0,0,0,0,0,0,0,0,0,0,0,0,0,0
13993,0,0,0,0,0,0,0,0,0,0,0,0,0,0,0,0,0,0,0,0,0
13994,0,0,0,0,0,0,0,0,0,0,0,0,0,0,0,0,0,0,0,0,0
13995,0,0,0,0,0,0,0,0,0,0,0,0,0,0,0,0,0,0,0,0,0
13999,0,0,0,0,0,0,0,0,0,0,0,0,0,0,0,0,0,0,0,0,0
14001,0,0,0,0,0,0,0,0,0,0,0,0,0,0,0,0,0,0,0,0,0
14004,0,0,0,0,0,0,0,0,0,0,0,0,0,0,0,0,0,0,0,0,0
14005,0,0,0,0,0,0,0,0,0,0,0,0,0,0,0,0,0,0,0,0,0
14019,0,0,0,0,0,0,0,0,0,0,0,0,0,0,0,0,0,0,0,0,0
14020,0,0,0,0,0,0,0,0,0,0,0,0,0,0,0,0,0,0,0,0,0
14029,0,0,0,0,0,0,0,0,0,0,0,0,0,0,0,0,0,0,0,0,0
14031,0,0,0,0,0,0,0,0,0,0,0,0,0,0,0,0,0,0,0,0,0
14032,0,0,0,0,0,0,0,0,0,0,0,0,0,0,0,0,0,0,0,0,0
14034,0,0,0,0,0,0,0,0,0,0,0,0,0,0,0,0,0,0,0,0,0
14035,0,0,0,0,0,0,0,0,0,0,0,0,0,0,0,0,0,0,0,0,0
14039,0,0,0,0,0,0,0,0,0,0,0,0,0,0,0,0,0,0,0,0,0
14040,0,0,0,0,0,0,0,0,0,0,0,0,0,0,0,0,0,0,0,0,0
14044,0,0,0,0,0,0,0,0,0,0,0,0,0,0,0,0,0,0,0,0,0
14049,0,0,0,0,0,0,0,0,0,0,0,0,0,0,0,0,0,0,0,0,0
14050,0,0,0,0,0,0,0,0,0,0,0,0,0,0,0,0,0,0,0,0,0
14056,0,0,0,0,0,0,0,0,0,0,0,0,0,0,0,0,0,0,0,0,0
14060,0,0,0,0,0,0,0,0,0,0,0,0,0,0,0,0,0,0,0,0,0
14064,0,0,0,0,0,0,0,0,0,0,0,0,0,0,0,0,0,0,0,0,0
14067,0,0,0,0,0,0,0,0,0,0,0,0,0,0,0,0,0,0,0,0,0
14071,0,0,0,0,0,0,0,0,0,0,0,0,0,0,0,0,0,0,0,0,0
14085,0,0,0,0,0,0,0,0,0,0,0,0,0,0,0,0,0,0,0,0,0
14092,0,0,0,0,0,0,0,0,0,0,0,0,0,0,0,0,0,0,0,0,0
14096,0,0,0,0,0,0,0,0,0,0,0,0,0,0,0,0,0,0,0,0,0
14099,0,0,0,0,0,0,0,0,0,0,0,0,0,0,0,0,0,0,0,0,0
14110,0,0,0,0,0,0,0,0,0,0,0,0,0,0,0,0,0,0,0,0,0
14112,0,0,0,0,0,0,0,0,0,0,0,0,0,0,0,0,0,0,0,0,0
14113,0,0,0,0,0,0,0,0,0,0,0,0,0,0,0,0,0,0,0,0,0
14116,0,0,0,0,0,0,0,0,0,0,0,0,0,0,0,0,0,0,0,0,0
14125,0,0,0,0,0,0,0,0,0,0,0,0,0,0,0,0,0,0,0,0,0
14126,0,0,0,0,0,0,0,0,0,0,0,0,0,0,0,0,0,0,0,0,0
14132,0,0,0,0,0,0,0,0,0,0,0,0,0,0,0,0,0,0,0,0,0
14135,0,0,0,0,0,0,0,0,0,0,0,0,0,0,0,0,0,0,0,0,0
14146,0,0,0,0,0,0,0,0,0,0,0,0,0,0,0,0,0,0,0,0,0
14150,0,0,0,0,0,0,0,0,0,0,0,0,0,0,0,0,0,0,0,0,0
14156,0,0,0,0,0,0,0,0,0,0,0,0,0,0,0,0,0,0,0,0,0
14159,0,0,0,0,0,0,0,0,0,0,0,0,0,0,0,0,0,0,0,0,0
14175,0,0,0,0,0,0,0,0,0,0,0,0,0,0,0,0,0,0,0,0,0
14178,0,0,0,0,0,0,0,0,0,0,0,0,0,0,0,0,0,0,0,0,0
14188,0,0,0,0,0,0,0,0,0,0,0,0,0,0,0,0,0,0,0,0,0
14189,0,0,0,0,0,0,0,0,0,0,0,0,0,0,0,0,0,0,0,0,0
14191,0,0,0,0,0,0,0,0,0,0,0,0,0,0,0,0,0,0,0,0,0
14194,0,0,0,0,0,0,0,0,0,0,0,0,0,0,0,0,0,0,0,0,0
14204,0,0,0,0,0,0,0,0,0,0,0,0,0,0,0,0,0,0,0,0,0
14209,0,0,0,0,0,0,0,0,0,0,0,0,0,0,0,0,0,0,0,0,0
14211,0,0,0,0,0,0,0,0,0,0,0,0,0,0,0,0,0,0,0,0,0
14216,0,0,0,0,0,0,0,0,0,0,0,0,0,0,0,0,0,0,0,0,0
14217,0,0,0,0,0,0,0,0,0,0,0,0,0,0,0,0,0,0,0,0,0
14227,0,0,0,0,0,0,0,0,0,0,0,0,0,0,0,0,0,0,0,0,0
14229,0,0,0,0,0,0,0,0,0,0,0,0,0,0,0,0,0,0,0,0,0
14232,0,0,0,0,0,0,0,0,0,0,0,0,0,0,0,0,0,0,0,0,0
14240,0,0,0,0,0,0,0,0,0,0,0,0,0,0,0,0,0,0,0,0,0
14258,0,0,0,0,0,0,0,0,0,0,0,0,0,0,0,0,0,0,0,0,0
14262,0,0,0,0,0,0,0,0,0,0,0,0,0,0,0,0,0,0,0,0,0
14273,0,0,0,0,0,0,0,0,0,0,0,0,0,0,0,0,0,0,0,0,0
14277,0,0,0,0,0,0,0,0,0,0,0,0,0,0,0,0,0,0,0,0,0
14282,0,0,0,0,0,0,0,0,0,0,0,0,0,0,0,0,0,0,0,0,0
14291,0,0,0,0,0,0,0,0,0,0,0,0,0,0,0,0,0,0,0,0,0
14292,0,0,0,0,0,0,0,0,0,0,0,0,0,0,0,0,0,0,0,0,0
14297,0,0,0,0,0,0,0,0,0,0,0,0,0,0,0,0,0,0,0,0,0
14298,0,0,0,0,0,0,0,0,0,0,0,0,0,0,0,0,0,0,0,0,0
14299,0,0,0,0,0,0,0,0,0,0,0,0,0,0,0,0,0,0,0,0,0
14309,0,0,0,0,0,0,0,0,0,0,0,0,0,0,0,0,0,0,0,0,0
14315,0,0,0,0,0,0,0,0,0,0,0,0,0,0,0,0,0,0,0,0,0
14321,0,0,0,0,0,0,0,0,0,0,0,0,0,0,0,0,0,0,0,0,0
14329,0,0,0,0,0,0,0,0,0,0,0,0,0,0,0,0,0,0,0,0,0
14332,0,0,0,0,0,0,0,0,0,0,0,0,0,0,0,0,0,0,0,0,0
14336,0,0,0,0,0,0,0,0,0,0,0,0,0,0,0,0,0,0,0,0,0
14341,0,0,0,0,0,0,0,0,0,0,0,0,0,0,0,0,0,0,0,0,0
14342,0,0,0,0,0,0,0,0,0,0,0,0,0,0,0,0,0,0,0,0,0
14359,0,0,0,0,0,0,0,0,0,0,0,0,0,0,0,0,0,0,0,0,0
14367,0,0,0,0,0,0,0,0,0,0,0,0,0,0,0,0,0,0,0,0,0
14379,0,0,0,0,0,0,0,0,0,0,0,0,0,0,0,0,0,0,0,0,0
14382,0,0,0,0,0,0,0,0,0,0,0,0,0,0,0,0,0,0,0,0,0
14383,0,0,0,0,0,0,0,0,0,0,0,0,0,0,0,0,0,0,0,0,0
14387,0,0,0,0,0,0,0,0,0,0,0,0,0,0,0,0,0,0,0,0,0
14388,0,0,0,0,0,0,0,0,0,0,0,0,0,0,0,0,0,0,0,0,0
14389,0,0,0,0,0,0,0,0,0,0,0,0,0,0,0,0,0,0,0,0,0
14390,0,0,0,0,0,0,0,0,0,0,0,0,0,0,0,0,0,0,0,0,0
14396,0,0,0,0,0,0,0,0,0,0,0,0,0,0,0,0,0,0,0,0,0
14397,0,0,0,0,0,0,0,0,0,0,0,0,0,0,0,0,0,0,0,0,0
14408,0,0,0,0,0,0,0,0,0,0,0,0,0,0,0,0,0,0,0,0,0
14415,0,0,0,0,0,0,0,0,0,0,0,0,0,0,0,0,0,0,0,0,0
14418,0,0,0,0,0,0,0,0,0,0,0,0,0,0,0,0,0,0,0,0,0
14419,0,0,0,0,0,0,0,0,0,0,0,0,0,0,0,0,0,0,0,0,0
14422,0,0,0,0,0,0,0,0,0,0,0,0,0,0,0,0,0,0,0,0,0
14427,0,0,0,0,0,0,0,0,0,0,0,0,0,0,0,0,0,0,0,0,0
14428,0,0,0,0,0,0,0,0,0,0,0,0,0,0,0,0,0,0,0,0,0
14432,0,0,0,0,0,0,0,0,0,0,0,0,0,0,0,0,0,0,0,0,0
14440,0,0,0,0,0,0,0,0,0,0,0,0,0,0,0,0,0,0,0,0,0
14441,0,0,0,0,0,0,0,0,0,0,0,0,0,0,0,0,0,0,0,0,0
14443,0,0,0,0,0,0,0,0,0,0,0,0,0,0,0,0,0,0,0,0,0
14446,0,0,0,0,0,0,0,0,0,0,0,0,0,0,0,0,0,0,0,0,0
14447,0,0,0,0,0,0,0,0,0,0,0,0,0,0,0,0,0,0,0,0,0
14448,0,0,0,0,0,0,0,0,0,0,0,0,0,0,0,0,0,0,0,0,0
14449,0,0,0,0,0,0,0,0,0,0,0,0,0,0,0,0,0,0,0,0,0
14451,0,0,0,0,0,0,0,0,0,0,0,0,0,0,0,0,0,0,0,0,0
14456,0,0,0,0,0,0,0,0,0,0,0,0,0,0,0,0,0,0,0,0,0
14462,0,0,0,0,0,0,0,0,0,0,0,0,0,0,0,0,0,0,0,0,0
14467,0,0,0,0,0,0,0,0,0,0,0,0,0,0,0,0,0,0,0,0,0
14470,0,0,0,0,0,0,0,0,0,0,0,0,0,0,0,0,0,0,0,0,0
14477,0,0,0,0,0,0,0,0,0,0,0,0,0,0,0,0,0,0,0,0,0
14482,0,0,0,0,0,0,0,0,0,0,0,0,0,0,0,0,0,0,0,0,0
14484,0,0,0,0,0,0,0,0,0,0,0,0,0,0,0,0,0,0,0,0,0
14487,0,0,0,0,0,0,0,0,0,0,0,0,0,0,0,0,0,0,0,0,0
14493,0,0,0,0,0,0,0,0,0,0,0,0,0,0,0,0,0,0,0,0,0
14498,0,0,0,0,0,0,0,0,0,0,0,0,0,0,0,0,0,0,0,0,0
14499,0,0,0,0,0,0,0,0,0,0,0,0,0,0,0,0,0,0,0,0,0
14502,0,0,0,0,0,0,0,0,0,0,0,0,0,0,0,0,0,0,0,0,0
14503,0,0,0,0,0,0,0,0,0,0,0,0,0,0,0,0,0,0,0,0,0
14504,0,0,0,0,0,0,0,0,0,0,0,0,0,0,0,0,0,0,0,0,0
14505,0,0,0,0,0,0,0,0,0,0,0,0,0,0,0,0,0,0,0,0,0
14506,0,0,0,0,0,0,0,0,0,0,0,0,0,0,0,0,0,0,0,0,0
14511,0,0,0,0,0,0,0,0,0,0,0,0,0,0,0,0,0,0,0,0,0
14514,0,0,0,0,0,0,0,0,0,0,0,0,0,0,0,0,0,0,0,0,0
14515,0,0,0,0,0,0,0,0,0,0,0,0,0,0,0,0,0,0,0,0,0
14520,0,0,0,0,0,0,0,0,0,0,0,0,0,0,0,0,0,0,0,0,0
14525,0,0,0,0,0,0,0,0,0,0,0,0,0,0,0,0,0,0,0,0,0
14527,0,0,0,0,0,0,0,0,0,0,0,0,0,0,0,0,0,0,0,0,0
14529,0,0,0,0,0,0,0,0,0,0,0,0,0,0,0,0,0,0,0,0,0
14533,0,0,0,0,0,0,0,0,0,0,0,0,0,0,0,0,0,0,0,0,0
14534,0,0,0,0,0,0,0,0,0,0,0,0,0,0,0,0,0,0,0,0,0
14540,0,0,0,0,0,0,0,0,0,0,0,0,0,0,0,0,0,0,0,0,0
14546,0,0,0,0,0,0,0,0,0,0,0,0,0,0,0,0,0,0,0,0,0
14550,0,0,0,0,0,0,0,0,0,0,0,0,0,0,0,0,0,0,0,0,0
14553,0,0,0,0,0,0,0,0,0,0,0,0,0,0,0,0,0,0,0,0,0
14555,0,0,0,0,0,0,0,0,0,0,0,0,0,0,0,0,0,0,0,0,0
14560,0,0,0,0,0,0,0,0,0,0,0,0,0,0,0,0,0,0,0,0,0
14562,0,0,0,0,0,0,0,0,0,0,0,0,0,0,0,0,0,0,0,0,0
14572,0,0,0,0,0,0,0,0,0,0,0,0,0,0,0,0,0,0,0,0,0
14583,0,0,0,0,0,0,0,0,0,0,0,0,0,0,0,0,0,0,0,0,0
14587,0,0,0,0,0,0,0,0,0,0,0,0,0,0,0,0,0,0,0,0,0
14591,0,0,0,0,0,0,0,0,0,0,0,0,0,0,0,0,0,0,0,0,0
14593,0,0,0,0,0,0,0,0,0,0,0,0,0,0,0,0,0,0,0,0,0
14594,0,0,0,0,0,0,0,0,0,0,0,0,0,0,0,0,0,0,0,0,0
14595,0,0,0,0,0,0,0,0,0,0,0,0,0,0,0,0,0,0,0,0,0
14597,0,0,0,0,0,0,0,0,0,0,0,0,0,0,0,0,0,0,0,0,0
14598,0,0,0,0,0,0,0,0,0,0,0,0,0,0,0,0,0,0,0,0,0
14606,0,0,0,0,0,0,0,0,0,0,0,0,0,0,0,0,0,0,0,0,0
14607,0,0,0,0,0,0,0,0,0,0,0,0,0,0,0,0,0,0,0,0,0
14621,0,0,0,0,0,0,0,0,0,0,0,0,0,0,0,0,0,0,0,0,0
14624,0,0,0,0,0,0,0,0,0,0,0,0,0,0,0,0,0,0,0,0,0
14626,0,0,0,0,0,0,0,0,0,0,0,0,0,0,0,0,0,0,0,0,0
14639,0,0,0,0,0,0,0,0,0,0,0,0,0,0,0,0,0,0,0,0,0
14646,0,0,0,0,0,0,0,0,0,0,0,0,0,0,0,0,0,0,0,0,0
14649,0,0,0,0,0,0,0,0,0,0,0,0,0,0,0,0,0,0,0,0,0
14651,0,0,0,0,0,0,0,0,0,0,0,0,0,0,0,0,0,0,0,0,0
14653,0,0,0,0,0,0,0,0,0,0,0,0,0,0,0,0,0,0,0,0,0
14655,0,0,0,0,0,0,0,0,0,0,0,0,0,0,0,0,0,0,0,0,0
14657,0,0,0,0,0,0,0,0,0,0,0,0,0,0,0,0,0,0,0,0,0
14659,0,0,0,0,0,0,0,0,0,0,0,0,0,0,0,0,0,0,0,0,0
14662,0,0,0,0,0,0,0,0,0,0,0,0,0,0,0,0,0,0,0,0,0
14665,0,0,0,0,0,0,0,0,0,0,0,0,0,0,0,0,0,0,0,0,0
14667,0,0,0,0,0,0,0,0,0,0,0,0,0,0,0,0,0,0,0,0,0
14673,0,0,0,0,0,0,0,0,0,0,0,0,0,0,0,0,0,0,0,0,0
14675,0,0,0,0,0,0,0,0,0,0,0,0,0,0,0,0,0,0,0,0,0
14680,0,0,0,0,0,0,0,0,0,0,0,0,0,0,0,0,0,0,0,0,0
14684,0,0,0,0,0,0,0,0,0,0,0,0,0,0,0,0,0,0,0,0,0
14688,0,0,0,0,0,0,0,0,0,0,0,0,0,0,0,0,0,0,0,0,0
14690,0,0,0,0,0,0,0,0,0,0,0,0,0,0,0,0,0,0,0,0,0
14701,0,0,0,0,0,0,0,0,0,0,0,0,0,0,0,0,0,0,0,0,0
14704,0,0,0,0,0,0,0,0,0,0,0,0,0,0,0,0,0,0,0,0,0
14708,0,0,0,0,0,0,0,0,0,0,0,0,0,0,0,0,0,0,0,0,0
14709,0,0,0,0,0,0,0,0,0,0,0,0,0,0,0,0,0,0,0,0,0
14710,0,0,0,0,0,0,0,0,0,0,0,0,0,0,0,0,0,0,0,0,0
14711,0,0,0,0,0,0,0,0,0,0,0,0,0,0,0,0,0,0,0,0,0
14713,0,0,0,0,0,0,0,0,0,0,0,0,0,0,0,0,0,0,0,0,0
14714,0,0,0,0,0,0,0,0,0,0,0,0,0,0,0,0,0,0,0,0,0
14719,0,0,0,0,0,0,0,0,0,0,0,0,0,0,0,0,0,0,0,0,0
14723,0,0,0,0,0,0,0,0,0,0,0,0,0,0,0,0,0,0,0,0,0
14725,0,0,0,0,0,0,0,0,0,0,0,0,0,0,0,0,0,0,0,0,0
14730,0,0,0,0,0,0,0,0,0,0,0,0,0,0,0,0,0,0,0,0,0
14735,0,0,0,0,0,0,0,0,0,0,0,0,0,0,0,0,0,0,0,0,0
14739,0,0,0,0,0,0,0,0,0,0,0,0,0,0,0,0,0,0,0,0,0
14744,0,0,0,0,0,0,0,0,0,0,0,0,0,0,0,0,0,0,0,0,0
14754,0,0,0,0,0,0,0,0,0,0,0,0,0,0,0,0,0,0,0,0,0
14755,0,0,0,0,0,0,0,0,0,0,0,0,0,0,0,0,0,0,0,0,0
14780,0,0,0,0,0,0,0,0,0,0,0,0,0,0,0,0,0,0,0,0,0
14788,0,0,0,0,0,0,0,0,0,0,0,0,0,0,0,0,0,0,0,0,0
14790,0,0,0,0,0,0,0,0,0,0,0,0,0,0,0,0,0,0,0,0,0
14796,0,0,0,0,0,0,0,0,0,0,0,0,0,0,0,0,0,0,0,0,0
14810,0,0,0,0,0,0,0,0,0,0,0,0,0,0,0,0,0,0,0,0,0
14824,0,0,0,0,0,0,0,0,0,0,0,0,0,0,0,0,0,0,0,0,0
14825,0,0,0,0,0,0,0,0,0,0,0,0,0,0,0,0,0,0,0,0,0
14834,0,0,0,0,0,0,0,0,0,0,0,0,0,0,0,0,0,0,0,0,0
14841,0,0,0,0,0,0,0,0,0,0,0,0,0,0,0,0,0,0,0,0,0
14842,0,0,0,0,0,0,0,0,0,0,0,0,0,0,0,0,0,0,0,0,0
14844,0,0,0,0,0,0,0,0,0,0,0,0,0,0,0,0,0,0,0,0,0
14849,0,0,0,0,0,0,0,0,0,0,0,0,0,0,0,0,0,0,0,0,0
14852,0,0,0,0,0,0,0,0,0,0,0,0,0,0,0,0,0,0,0,0,0
14857,0,0,0,0,0,0,0,0,0,0,0,0,0,0,0,0,0,0,0,0,0
14859,0,0,0,0,0,0,0,0,0,0,0,0,0,0,0,0,0,0,0,0,0
14866,0,0,0,0,0,0,0,0,0,0,0,0,0,0,0,0,0,0,0,0,0
14871,0,0,0,0,0,0,0,0,0,0,0,0,0,0,0,0,0,0,0,0,0
14883,0,0,0,0,0,0,0,0,0,0,0,0,0,0,0,0,0,0,0,0,0
14893,0,0,0,0,0,0,0,0,0,0,0,0,0,0,0,0,0,0,0,0,0
14895,0,0,0,0,0,0,0,0,0,0,0,0,0,0,0,0,0,0,0,0,0
14897,0,0,0,0,0,0,0,0,0,0,0,0,0,0,0,0,0,0,0,0,0
14898,0,0,0,0,0,0,0,0,0,0,0,0,0,0,0,0,0,0,0,0,0
14902,0,0,0,0,0,0,0,0,0,0,0,0,0,0,0,0,0,0,0,0,0
14903,0,0,0,0,0,0,0,0,0,0,0,0,0,0,0,0,0,0,0,0,0
14907,0,0,0,0,0,0,0,0,0,0,0,0,0,0,0,0,0,0,0,0,0
14911,0,0,0,0,0,0,0,0,0,0,0,0,0,0,0,0,0,0,0,0,0
14912,0,0,0,0,0,0,0,0,0,0,0,0,0,0,0,0,0,0,0,0,0
14936,0,0,0,0,0,0,0,0,0,0,0,0,0,0,0,0,0,0,0,0,0
14937,0,0,0,0,0,0,0,0,0,0,0,0,0,0,0,0,0,0,0,0,0
14953,0,0,0,0,0,0,0,0,0,0,0,0,0,0,0,0,0,0,0,0,0
14954,0,0,0,0,0,0,0,0,0,0,0,0,0,0,0,0,0,0,0,0,0
14959,0,0,0,0,0,0,0,0,0,0,0,0,0,0,0,0,0,0,0,0,0
14960,0,0,0,0,0,0,0,0,0,0,0,0,0,0,0,0,0,0,0,0,0
14961,0,0,0,0,0,0,0,0,0,0,0,0,0,0,0,0,0,0,0,0,0
14963,0,0,0,0,0,0,0,0,0,0,0,0,0,0,0,0,0,0,0,0,0
14968,0,0,0,0,0,0,0,0,0,0,0,0,0,0,0,0,0,0,0,0,0
14976,0,0,0,0,0,0,0,0,0,0,0,0,0,0,0,0,0,0,0,0,0
14984,0,0,0,0,0,0,0,0,0,0,0,0,0,0,0,0,0,0,0,0,0
14987,0,0,0,0,0,0,0,0,0,0,0,0,0,0,0,0,0,0,0,0,0
14995,0,0,0,0,0,0,0,0,0,0,0,0,0,0,0,0,0,0,0,0,0
15005,0,0,0,0,0,0,0,0,0,0,0,0,0,0,0,0,0,0,0,0,0
15006,0,0,0,0,0,0,0,0,0,0,0,0,0,0,0,0,0,0,0,0,0
15012,0,0,0,0,0,0,0,0,0,0,0,0,0,0,0,0,0,0,0,0,0
15014,0,0,0,0,0,0,0,0,0,0,0,0,0,0,0,0,0,0,0,0,0
15018,0,0,0,0,0,0,0,0,0,0,0,0,0,0,0,0,0,0,0,0,0
15021,0,0,0,0,0,0,0,0,0,0,0,0,0,0,0,0,0,0,0,0,0
15022,0,0,0,0,0,0,0,0,0,0,0,0,0,0,0,0,0,0,0,0,0
15023,0,0,0,0,0,0,0,0,0,0,0,0,0,0,0,0,0,0,0,0,0
15024,0,0,0,0,0,0,0,0,0,0,0,0,0,0,0,0,0,0,0,0,0
15025,0,0,0,0,0,0,0,0,0,0,0,0,0,0,0,0,0,0,0,0,0
15031,0,0,0,0,0,0,0,0,0,0,0,0,0,0,0,0,0,0,0,0,0
15033,0,0,0,0,0,0,0,0,0,0,0,0,0,0,0,0,0,0,0,0,0
15034,0,0,0,0,0,0,0,0,0,0,0,0,0,0,0,0,0,0,0,0,0
15038,0,0,0,0,0,0,0,0,0,0,0,0,0,0,0,0,0,0,0,0,0
15039,0,0,0,0,0,0,0,0,0,0,0,0,0,0,0,0,0,0,0,0,0
15043,0,0,0,0,0,0,0,0,0,0,0,0,0,0,0,0,0,0,0,0,0
15044,0,0,0,0,0,0,0,0,0,0,0,0,0,0,0,0,0,0,0,0,0
15046,0,0,0,0,0,0,0,0,0,0,0,0,0,0,0,0,0,0,0,0,0
15050,0,0,0,0,0,0,0,0,0,0,0,0,0,0,0,0,0,0,0,0,0
15051,0,0,0,0,0,0,0,0,0,0,0,0,0,0,0,0,0,0,0,0,0
15059,0,0,0,0,0,0,0,0,0,0,0,0,0,0,0,0,0,0,0,0,0
15068,0,0,0,0,0,0,0,0,0,0,0,0,0,0,0,0,0,0,0,0,0
15078,0,0,0,0,0,0,0,0,0,0,0,0,0,0,0,0,0,0,0,0,0
15081,0,0,0,0,0,0,0,0,0,0,0,0,0,0,0,0,0,0,0,0,0
15091,0,0,0,0,0,0,0,0,0,0,0,0,0,0,0,0,0,0,0,0,0
15093,0,0,0,0,0,0,0,0,0,0,0,0,0,0,0,0,0,0,0,0,0
15110,0,0,0,0,0,0,0,0,0,0,0,0,0,0,0,0,0,0,0,0,0
15117,0,0,0,0,0,0,0,0,0,0,0,0,0,0,0,0,0,0,0,0,0
15123,0,0,0,0,0,0,0,0,0,0,0,0,0,0,0,0,0,0,0,0,0
15128,0,0,0,0,0,0,0,0,0,0,0,0,0,0,0,0,0,0,0,0,0
15129,0,0,0,0,0,0,0,0,0,0,0,0,0,0,0,0,0,0,0,0,0
15132,0,0,0,0,0,0,0,0,0,0,0,0,0,0,0,0,0,0,0,0,0
15134,0,0,0,0,0,0,0,0,0,0,0,0,0,0,0,0,0,0,0,0,0
15136,0,0,0,0,0,0,0,0,0,0,0,0,0,0,0,0,0,0,0,0,0
15142,0,0,0,0,0,0,0,0,0,0,0,0,0,0,0,0,0,0,0,0,0
15144,0,0,0,0,0,0,0,0,0,0,0,0,0,0,0,0,0,0,0,0,0
15145,0,0,0,0,0,0,0,0,0,0,0,0,0,0,0,0,0,0,0,0,0
15150,0,0,0,0,0,0,0,0,0,0,0,0,0,0,0,0,0,0,0,0,0
15152,0,0,0,0,0,0,0,0,0,0,0,0,0,0,0,0,0,0,0,0,0
15159,0,0,0,0,0,0,0,0,0,0,0,0,0,0,0,0,0,0,0,0,0
15163,0,0,0,0,0,0,0,0,0,0,0,0,0,0,0,0,0,0,0,0,0
15164,0,0,0,0,0,0,0,0,0,0,0,0,0,0,0,0,0,0,0,0,0
15179,0,0,0,0,0,0,0,0,0,0,0,0,0,0,0,0,0,0,0,0,0
15184,0,0,0,0,0,0,0,0,0,0,0,0,0,0,0,0,0,0,0,0,0
15187,0,0,0,0,0,0,0,0,0,0,0,0,0,0,0,0,0,0,0,0,0
15189,0,0,0,0,0,0,0,0,0,0,0,0,0,0,0,0,0,0,0,0,0
15194,0,0,0,0,0,0,0,0,0,0,0,0,0,0,0,0,0,0,0,0,0
15197,0,0,0,0,0,0,0,0,0,0,0,0,0,0,0,0,0,0,0,0,0
15203,0,0,0,0,0,0,0,0,0,0,0,0,0,0,0,0,0,0,0,0,0
15218,0,0,0,0,0,0,0,0,0,0,0,0,0,0,0,0,0,0,0,0,0
15227,0,0,0,0,0,0,0,0,0,0,0,0,0,0,0,0,0,0,0,0,0
15241,0,0,0,0,0,0,0,0,0,0,0,0,0,0,0,0,0,0,0,0,0
15244,0,0,0,0,0,0,0,0,0,0,0,0,0,0,0,0,0,0,0,0,0
15249,0,0,0,0,0,0,0,0,0,0,0,0,0,0,0,0,0,0,0,0,0
15264,0,0,0,0,0,0,0,0,0,0,0,0,0,0,0,0,0,0,0,0,0
15271,0,0,0,0,0,0,0,0,0,0,0,0,0,0,0,0,0,0,0,0,0
15272,0,0,0,0,0,0,0,0,0,0,0,0,0,0,0,0,0,0,0,0,0
15276,0,0,0,0,0,0,0,0,0,0,0,0,0,0,0,0,0,0,0,0,0
15290,0,0,0,0,0,0,0,0,0,0,0,0,0,0,0,0,0,0,0,0,0
15291,0,0,0,0,0,0,0,0,0,0,0,0,0,0,0,0,0,0,0,0,0
15296,0,0,0,0,0,0,0,0,0,0,0,0,0,0,0,0,0,0,0,0,0
15298,0,0,0,0,0,0,0,0,0,0,0,0,0,0,0,0,0,0,0,0,0
15306,0,0,0,0,0,0,0,0,0,0,0,0,0,0,0,0,0,0,0,0,0
15311,0,0,0,0,0,0,0,0,0,0,0,0,0,0,0,0,0,0,0,0,0
15315,0,0,0,0,0,0,0,0,0,0,0,0,0,0,0,0,0,0,0,0,0
15329,0,0,0,0,0,0,0,0,0,0,0,0,0,0,0,0,0,0,0,0,0
15344,0,0,0,0,0,0,0,0,0,0,0,0,0,0,0,0,0,0,0,0,0
15351,0,0,0,0,0,0,0,0,0,0,0,0,0,0,0,0,0,0,0,0,0
15365,0,0,0,0,0,0,0,0,0,0,0,0,0,0,0,0,0,0,0,0,0
15367,0,0,0,0,0,0,0,0,0,0,0,0,0,0,0,0,0,0,0,0,0
15382,0,0,0,0,0,0,0,0,0,0,0,0,0,0,0,0,0,0,0,0,0
15385,0,0,0,0,0,0,0,0,0,0,0,0,0,0,0,0,0,0,0,0,0
15393,0,0,0,0,0,0,0,0,0,0,0,0,0,0,0,0,0,0,0,0,0
15394,0,0,0,0,0,0,0,0,0,0,0,0,0,0,0,0,0,0,0,0,0
15398,0,0,0,0,0,0,0,0,0,0,0,0,0,0,0,0,0,0,0,0,0
15399,0,0,0,0,0,0,0,0,0,0,0,0,0,0,0,0,0,0,0,0,0
15406,0,0,0,0,0,0,0,0,0,0,0,0,0,0,0,0,0,0,0,0,0
15407,0,0,0,0,0,0,0,0,0,0,0,0,0,0,0,0,0,0,0,0,0
15411,0,0,0,0,0,0,0,0,0,0,0,0,0,0,0,0,0,0,0,0,0
15414,0,0,0,0,0,0,0,0,0,0,0,0,0,0,0,0,0,0,0,0,0
15416,0,0,0,0,0,0,0,0,0,0,0,0,0,0,0,0,0,0,0,0,0
15421,0,0,0,0,0,0,0,0,0,0,0,0,0,0,0,0,0,0,0,0,0
15426,0,0,0,0,0,0,0,0,0,0,0,0,0,0,0,0,0,0,0,0,0
15428,0,0,0,0,0,0,0,0,0,0,0,0,0,0,0,0,0,0,0,0,0
15429,0,0,0,0,0,0,0,0,0,0,0,0,0,0,0,0,0,0,0,0,0
15436,0,0,0,0,0,0,0,0,0,0,0,0,0,0,0,0,0,0,0,0,0
15440,0,0,0,0,0,0,0,0,0,0,0,0,0,0,0,0,0,0,0,0,0
15443,0,0,0,0,0,0,0,0,0,0,0,0,0,0,0,0,0,0,0,0,0
15452,0,0,0,0,0,0,0,0,0,0,0,0,0,0,0,0,0,0,0,0,0
15453,0,0,0,0,0,0,0,0,0,0,0,0,0,0,0,0,0,0,0,0,0
15465,0,0,0,0,0,0,0,0,0,0,0,0,0,0,0,0,0,0,0,0,0
15467,0,0,0,0,0,0,0,0,0,0,0,0,0,0,0,0,0,0,0,0,0
15471,0,0,0,0,0,0,0,0,0,0,0,0,0,0,0,0,0,0,0,0,0
15478,0,0,0,0,0,0,0,0,0,0,0,0,0,0,0,0,0,0,0,0,0
15482,0,0,0,0,0,0,0,0,0,0,0,0,0,0,0,0,0,0,0,0,0
15484,0,0,0,0,0,0,0,0,0,0,0,0,0,0,0,0,0,0,0,0,0
15489,0,0,0,0,0,0,0,0,0,0,0,0,0,0,0,0,0,0,0,0,0
15493,0,0,0,0,0,0,0,0,0,0,0,0,0,0,0,0,0,0,0,0,0
15498,0,0,0,0,0,0,0,0,0,0,0,0,0,0,0,0,0,0,0,0,0
15502,0,0,0,0,0,0,0,0,0,0,0,0,0,0,0,0,0,0,0,0,0
15506,0,0,0,0,0,0,0,0,0,0,0,0,0,0,0,0,0,0,0,0,0
15511,0,0,0,0,0,0,0,0,0,0,0,0,0,0,0,0,0,0,0,0,0
15513,0,0,0,0,0,0,0,0,0,0,0,0,0,0,0,0,0,0,0,0,0
15518,0,0,0,0,0,0,0,0,0,0,0,0,0,0,0,0,0,0,0,0,0
15525,0,0,0,0,0,0,0,0,0,0,0,0,0,0,0,0,0,0,0,0,0
15527,0,0,0,0,0,0,0,0,0,0,0,0,0,0,0,0,0,0,0,0,0
15529,0,0,0,0,0,0,0,0,0,0,0,0,0,0,0,0,0,0,0,0,0
15545,0,0,0,0,0,0,0,0,0,0,0,0,0,0,0,0,0,0,0,0,0
15547,0,0,0,0,0,0,0,0,0,0,0,0,0,0,0,0,0,0,0,0,0
15550,0,0,0,0,0,0,0,0,0,0,0,0,0,0,0,0,0,0,0,0,0
15551,0,0,0,0,0,0,0,0,0,0,0,0,0,0,0,0,0,0,0,0,0
15555,0,0,0,0,0,0,0,0,0,0,0,0,0,0,0,0,0,0,0,0,0
15570,0,0,0,0,0,0,0,0,0,0,0,0,0,0,0,0,0,0,0,0,0
15571,0,0,0,0,0,0,0,0,0,0,0,0,0,0,0,0,0,0,0,0,0
15573,0,0,0,0,0,0,0,0,0,0,0,0,0,0,0,0,0,0,0,0,0
15582,0,0,0,0,0,0,0,0,0,0,0,0,0,0,0,0,0,0,0,0,0
15584,0,0,0,0,0,0,0,0,0,0,0,0,0,0,0,0,0,0,0,0,0
15598,0,0,0,0,0,0,0,0,0,0,0,0,0,0,0,0,0,0,0,0,0
15599,0,0,0,0,0,0,0,0,0,0,0,0,0,0,0,0,0,0,0,0,0
15601,0,0,0,0,0,0,0,0,0,0,0,0,0,0,0,0,0,0,0,0,0
15602,0,0,0,0,0,0,0,0,0,0,0,0,0,0,0,0,0,0,0,0,0
15605,0,0,0,0,0,0,0,0,0,0,0,0,0,0,0,0,0,0,0,0,0
15606,0,0,0,0,0,0,0,0,0,0,0,0,0,0,0,0,0,0,0,0,0
15615,0,0,0,0,0,0,0,0,0,0,0,0,0,0,0,0,0,0,0,0,0
15618,0,0,0,0,0,0,0,0,0,0,0,0,0,0,0,0,0,0,0,0,0
15620,0,0,0,0,0,0,0,0,0,0,0,0,0,0,0,0,0,0,0,0,0
15628,0,0,0,0,0,0,0,0,0,0,0,0,0,0,0,0,0,0,0,0,0
15630,0,0,0,0,0,0,0,0,0,0,0,0,0,0,0,0,0,0,0,0,0
15640,0,0,0,0,0,0,0,0,0,0,0,0,0,0,0,0,0,0,0,0,0
15645,0,0,0,0,0,0,0,0,0,0,0,0,0,0,0,0,0,0,0,0,0
15660,0,0,0,0,0,0,0,0,0,0,0,0,0,0,0,0,0,0,0,0,0
15664,0,0,0,0,0,0,0,0,0,0,0,0,0,0,0,0,0,0,0,0,0
15676,0,0,0,0,0,0,0,0,0,0,0,0,0,0,0,0,0,0,0,0,0
15677,0,0,0,0,0,0,0,0,0,0,0,0,0,0,0,0,0,0,0,0,0
15678,0,0,0,0,0,0,0,0,0,0,0,0,0,0,0,0,0,0,0,0,0
15679,0,0,0,0,0,0,0,0,0,0,0,0,0,0,0,0,0,0,0,0,0
15680,0,0,0,0,0,0,0,0,0,0,0,0,0,0,0,0,0,0,0,0,0
15687,0,0,0,0,0,0,0,0,0,0,0,0,0,0,0,0,0,0,0,0,0
15696,0,0,0,0,0,0,0,0,0,0,0,0,0,0,0,0,0,0,0,0,0
15707,0,0,0,0,0,0,0,0,0,0,0,0,0,0,0,0,0,0,0,0,0
15708,0,0,0,0,0,0,0,0,0,0,0,0,0,0,0,0,0,0,0,0,0
15712,0,0,0,0,0,0,0,0,0,0,0,0,0,0,0,0,0,0,0,0,0
15719,0,0,0,0,0,0,0,0,0,0,0,0,0,0,0,0,0,0,0,0,0
15720,0,0,0,0,0,0,0,0,0,0,0,0,0,0,0,0,0,0,0,0,0
15727,0,0,0,0,0,0,0,0,0,0,0,0,0,0,0,0,0,0,0,0,0
15738,0,0,0,0,0,0,0,0,0,0,0,0,0,0,0,0,0,0,0,0,0
15743,0,0,0,0,0,0,0,0,0,0,0,0,0,0,0,0,0,0,0,0,0
15747,0,0,0,0,0,0,0,0,0,0,0,0,0,0,0,0,0,0,0,0,0
15748,0,0,0,0,0,0,0,0,0,0,0,0,0,0,0,0,0,0,0,0,0
15750,0,0,0,0,0,0,0,0,0,0,0,0,0,0,0,0,0,0,0,0,0
15752,0,0,0,0,0,0,0,0,0,0,0,0,0,0,0,0,0,0,0,0,0
15755,0,0,0,0,0,0,0,0,0,0,0,0,0,0,0,0,0,0,0,0,0
15756,0,0,0,0,0,0,0,0,0,0,0,0,0,0,0,0,0,0,0,0,0
15757,0,0,0,0,0,0,0,0,0,0,0,0,0,0,0,0,0,0,0,0,0
15762,0,0,0,0,0,0,0,0,0,0,0,0,0,0,0,0,0,0,0,0,0
15769,0,0,0,0,0,0,0,0,0,0,0,0,0,0,0,0,0,0,0,0,0
15773,0,0,0,0,0,0,0,0,0,0,0,0,0,0,0,0,0,0,0,0,0
15774,0,0,0,0,0,0,0,0,0,0,0,0,0,0,0,0,0,0,0,0,0
15781,0,0,0,0,0,0,0,0,0,0,0,0,0,0,0,0,0,0,0,0,0
15785,0,0,0,0,0,0,0,0,0,0,0,0,0,0,0,0,0,0,0,0,0
15786,0,0,0,0,0,0,0,0,0,0,0,0,0,0,0,0,0,0,0,0,0
15791,0,0,0,0,0,0,0,0,0,0,0,0,0,0,0,0,0,0,0,0,0
15793,0,0,0,0,0,0,0,0,0,0,0,0,0,0,0,0,0,0,0,0,0
15796,0,0,0,0,0,0,0,0,0,0,0,0,0,0,0,0,0,0,0,0,0
15801,0,0,0,0,0,0,0,0,0,0,0,0,0,0,0,0,0,0,0,0,0
15803,0,0,0,0,0,0,0,0,0,0,0,0,0,0,0,0,0,0,0,0,0
15804,0,0,0,0,0,0,0,0,0,0,0,0,0,0,0,0,0,0,0,0,0
15805,0,0,0,0,0,0,0,0,0,0,0,0,0,0,0,0,0,0,0,0,0
15811,0,0,0,0,0,0,0,0,0,0,0,0,0,0,0,0,0,0,0,0,0
15814,0,0,0,0,0,0,0,0,0,0,0,0,0,0,0,0,0,0,0,0,0
15819,0,0,0,0,0,0,0,0,0,0,0,0,0,0,0,0,0,0,0,0,0
15822,0,0,0,0,0,0,0,0,0,0,0,0,0,0,0,0,0,0,0,0,0
15826,0,0,0,0,0,0,0,0,0,0,0,0,0,0,0,0,0,0,0,0,0
15838,0,0,0,0,0,0,0,0,0,0,0,0,0,0,0,0,0,0,0,0,0
15839,0,0,0,0,0,0,0,0,0,0,0,0,0,0,0,0,0,0,0,0,0
15845,0,0,0,0,0,0,0,0,0,0,0,0,0,0,0,0,0,0,0,0,0
15847,0,0,0,0,0,0,0,0,0,0,0,0,0,0,0,0,0,0,0,0,0
15850,0,0,0,0,0,0,0,0,0,0,0,0,0,0,0,0,0,0,0,0,0
15854,0,0,0,0,0,0,0,0,0,0,0,0,0,0,0,0,0,0,0,0,0
15856,0,0,0,0,0,0,0,0,0,0,0,0,0,0,0,0,0,0,0,0,0
15857,0,0,0,0,0,0,0,0,0,0,0,0,0,0,0,0,0,0,0,0,0
15858,0,0,0,0,0,0,0,0,0,0,0,0,0,0,0,0,0,0,0,0,0
15861,0,0,0,0,0,0,0,0,0,0,0,0,0,0,0,0,0,0,0,0,0
15862,0,0,0,0,0,0,0,0,0,0,0,0,0,0,0,0,0,0,0,0,0
15867,0,0,0,0,0,0,0,0,0,0,0,0,0,0,0,0,0,0,0,0,0
15870,0,0,0,0,0,0,0,0,0,0,0,0,0,0,0,0,0,0,0,0,0
15872,0,0,0,0,0,0,0,0,0,0,0,0,0,0,0,0,0,0,0,0,0
15874,0,0,0,0,0,0,0,0,0,0,0,0,0,0,0,0,0,0,0,0,0
15898,0,0,0,0,0,0,0,0,0,0,0,0,0,0,0,0,0,0,0,0,0
15901,0,0,0,0,0,0,0,0,0,0,0,0,0,0,0,0,0,0,0,0,0
15907,0,0,0,0,0,0,0,0,0,0,0,0,0,0,0,0,0,0,0,0,0
15910,0,0,0,0,0,0,0,0,0,0,0,0,0,0,0,0,0,0,0,0,0
15916,0,0,0,0,0,0,0,0,0,0,0,0,0,0,0,0,0,0,0,0,0
15919,0,0,0,0,0,0,0,0,0,0,0,0,0,0,0,0,0,0,0,0,0
15932,0,0,0,0,0,0,0,0,0,0,0,0,0,0,0,0,0,0,0,0,0
15933,0,0,0,0,0,0,0,0,0,0,0,0,0,0,0,0,0,0,0,0,0
15950,0,0,0,0,0,0,0,0,0,0,0,0,0,0,0,0,0,0,0,0,0
15951,0,0,0,0,0,0,0,0,0,0,0,0,0,0,0,0,0,0,0,0,0
15952,0,0,0,0,0,0,0,0,0,0,0,0,0,0,0,0,0,0,0,0,0
15953,0,0,0,0,0,0,0,0,0,0,0,0,0,0,0,0,0,0,0,0,0
15955,0,0,0,0,0,0,0,0,0,0,0,0,0,0,0,0,0,0,0,0,0
15957,0,0,0,0,0,0,0,0,0,0,0,0,0,0,0,0,0,0,0,0,0
15965,0,0,0,0,0,0,0,0,0,0,0,0,0,0,0,0,0,0,0,0,0
15971,0,0,0,0,0,0,0,0,0,0,0,0,0,0,0,0,0,0,0,0,0
15974,0,0,0,0,0,0,0,0,0,0,0,0,0,0,0,0,0,0,0,0,0
15981,0,0,0,0,0,0,0,0,0,0,0,0,0,0,0,0,0,0,0,0,0
15983,0,0,0,0,0,0,0,0,0,0,0,0,0,0,0,0,0,0,0,0,0
15986,0,0,0,0,0,0,0,0,0,0,0,0,0,0,0,0,0,0,0,0,0
15987,0,0,0,0,0,0,0,0,0,0,0,0,0,0,0,0,0,0,0,0,0
15988,0,0,0,0,0,0,0,0,0,0,0,0,0,0,0,0,0,0,0,0,0
15990,0,0,0,0,0,0,0,0,0,0,0,0,0,0,0,0,0,0,0,0,0
15992,0,0,0,0,0,0,0,0,0,0,0,0,0,0,0,0,0,0,0,0,0
15998,0,0,0,0,0,0,0,0,0,0,0,0,0,0,0,0,0,0,0,0,0
16005,0,0,0,0,0,0,0,0,0,0,0,0,0,0,0,0,0,0,0,0,0
16007,0,0,0,0,0,0,0,0,0,0,0,0,0,0,0,0,0,0,0,0,0
16008,0,0,0,0,0,0,0,0,0,0,0,0,0,0,0,0,0,0,0,0,0
16012,0,0,0,0,0,0,0,0,0,0,0,0,0,0,0,0,0,0,0,0,0
16013,0,0,0,0,0,0,0,0,0,0,0,0,0,0,0,0,0,0,0,0,0
16016,0,0,0,0,0,0,0,0,0,0,0,0,0,0,0,0,0,0,0,0,0
16023,0,0,0,0,0,0,0,0,0,0,0,0,0,0,0,0,0,0,0,0,0
16024,0,0,0,0,0,0,0,0,0,0,0,0,0,0,0,0,0,0,0,0,0
16029,0,0,0,0,0,0,0,0,0,0,0,0,0,0,0,0,0,0,0,0,0
16033,0,0,0,0,0,0,0,0,0,0,0,0,0,0,0,0,0,0,0,0,0
16040,0,0,0,0,0,0,0,0,0,0,0,0,0,0,0,0,0,0,0,0,0
16049,0,0,0,0,0,0,0,0,0,0,0,0,0,0,0,0,0,0,0,0,0
16057,0,0,0,0,0,0,0,0,0,0,0,0,0,0,0,0,0,0,0,0,0
16071,0,0,0,0,0,0,0,0,0,0,0,0,0,0,0,0,0,0,0,0,0
16076,0,0,0,0,0,0,0,0,0,0,0,0,0,0,0,0,0,0,0,0,0
16081,0,0,0,0,0,0,0,0,0,0,0,0,0,0,0,0,0,0,0,0,0
16085,0,0,0,0,0,0,0,0,0,0,0,0,0,0,0,0,0,0,0,0,0
16086,0,0,0,0,0,0,0,0,0,0,0,0,0,0,0,0,0,0,0,0,0
16094,0,0,0,0,0,0,0,0,0,0,0,0,0,0,0,0,0,0,0,0,0
16101,0,0,0,0,0,0,0,0,0,0,0,0,0,0,0,0,0,0,0,0,0
16107,0,0,0,0,0,0,0,0,0,0,0,0,0,0,0,0,0,0,0,0,0
16110,0,0,0,0,0,0,0,0,0,0,0,0,0,0,0,0,0,0,0,0,0
16115,0,0,0,0,0,0,0,0,0,0,0,0,0,0,0,0,0,0,0,0,0
16121,0,0,0,0,0,0,0,0,0,0,0,0,0,0,0,0,0,0,0,0,0
16136,0,0,0,0,0,0,0,0,0,0,0,0,0,0,0,0,0,0,0,0,0
16140,0,0,0,0,0,0,0,0,0,0,0,0,0,0,0,0,0,0,0,0,0
16145,0,0,0,0,0,0,0,0,0,0,0,0,0,0,0,0,0,0,0,0,0
16150,0,0,0,0,0,0,0,0,0,0,0,0,0,0,0,0,0,0,0,0,0
16153,0,0,0,0,0,0,0,0,0,0,0,0,0,0,0,0,0,0,0,0,0
16161,0,0,0,0,0,0,0,0,0,0,0,0,0,0,0,0,0,0,0,0,0
16169,0,0,0,0,0,0,0,0,0,0,0,0,0,0,0,0,0,0,0,0,0
16173,0,0,0,0,0,0,0,0,0,0,0,0,0,0,0,0,0,0,0,0,0
16184,0,0,0,0,0,0,0,0,0,0,0,0,0,0,0,0,0,0,0,0,0
16185,0,0,0,0,0,0,0,0,0,0,0,0,0,0,0,0,0,0,0,0,0
16186,0,0,0,0,0,0,0,0,0,0,0,0,0,0,0,0,0,0,0,0,0
16187,0,0,0,0,0,0,0,0,0,0,0,0,0,0,0,0,0,0,0,0,0
16190,0,0,0,0,0,0,0,0,0,0,0,0,0,0,0,0,0,0,0,0,0
16191,0,0,0,0,0,0,0,0,0,0,0,0,0,0,0,0,0,0,0,0,0
16200,0,0,0,0,0,0,0,0,0,0,0,0,0,0,0,0,0,0,0,0,0
16201,0,0,0,0,0,0,0,0,0,0,0,0,0,0,0,0,0,0,0,0,0
16205,0,0,0,0,0,0,0,0,0,0,0,0,0,0,0,0,0,0,0,0,0
16210,0,0,0,0,0,0,0,0,0,0,0,0,0,0,0,0,0,0,0,0,0
16218,0,0,0,0,0,0,0,0,0,0,0,0,0,0,0,0,0,0,0,0,0
16232,0,0,0,0,0,0,0,0,0,0,0,0,0,0,0,0,0,0,0,0,0
16235,0,0,0,0,0,0,0,0,0,0,0,0,0,0,0,0,0,0,0,0,0
16240,0,0,0,0,0,0,0,0,0,0,0,0,0,0,0,0,0,0,0,0,0
16241,0,0,0,0,0,0,0,0,0,0,0,0,0,0,0,0,0,0,0,0,0
16242,0,0,0,0,0,0,0,0,0,0,0,0,0,0,0,0,0,0,0,0,0
16245,0,0,0,0,0,0,0,0,0,0,0,0,0,0,0,0,0,0,0,0,0
16249,0,0,0,0,0,0,0,0,0,0,0,0,0,0,0,0,0,0,0,0,0
16255,0,0,0,0,0,0,0,0,0,0,0,0,0,0,0,0,0,0,0,0,0
16258,0,0,0,0,0,0,0,0,0,0,0,0,0,0,0,0,0,0,0,0,0
16261,0,0,0,0,0,0,0,0,0,0,0,0,0,0,0,0,0,0,0,0,0
16265,0,0,0,0,0,0,0,0,0,0,0,0,0,0,0,0,0,0,0,0,0
16271,0,0,0,0,0,0,0,0,0,0,0,0,0,0,0,0,0,0,0,0,0
16279,0,0,0,0,0,0,0,0,0,0,0,0,0,0,0,0,0,0,0,0,0
16283,0,0,0,0,0,0,0,0,0,0,0,0,0,0,0,0,0,0,0,0,0
16284,0,0,0,0,0,0,0,0,0,0,0,0,0,0,0,0,0,0,0,0,0
16298,0,0,0,0,0,0,0,0,0,0,0,0,0,0,0,0,0,0,0,0,0
16303,0,0,0,0,0,0,0,0,0,0,0,0,0,0,0,0,0,0,0,0,0
16316,0,0,0,0,0,0,0,0,0,0,0,0,0,0,0,0,0,0,0,0,0
16325,0,0,0,0,0,0,0,0,0,0,0,0,0,0,0,0,0,0,0,0,0
16326,0,0,0,0,0,0,0,0,0,0,0,0,0,0,0,0,0,0,0,0,0
16327,0,0,0,0,0,0,0,0,0,0,0,0,0,0,0,0,0,0,0,0,0
16341,0,0,0,0,0,0,0,0,0,0,0,0,0,0,0,0,0,0,0,0,0
16345,0,0,0,0,0,0,0,0,0,0,0,0,0,0,0,0,0,0,0,0,0
16347,0,0,0,0,0,0,0,0,0,0,0,0,0,0,0,0,0,0,0,0,0
16350,0,0,0,0,0,0,0,0,0,0,0,0,0,0,0,0,0,0,0,0,0
16353,0,0,0,0,0,0,0,0,0,0,0,0,0,0,0,0,0,0,0,0,0
16358,0,0,0,0,0,0,0,0,0,0,0,0,0,0,0,0,0,0,0,0,0
16360,0,0,0,0,0,0,0,0,0,0,0,0,0,0,0,0,0,0,0,0,0
16361,0,0,0,0,0,0,0,0,0,0,0,0,0,0,0,0,0,0,0,0,0
16366,0,0,0,0,0,0,0,0,0,0,0,0,0,0,0,0,0,0,0,0,0
16367,0,0,0,0,0,0,0,0,0,0,0,0,0,0,0,0,0,0,0,0,0
16368,0,0,0,0,0,0,0,0,0,0,0,0,0,0,0,0,0,0,0,0,0
16372,0,0,0,0,0,0,0,0,0,0,0,0,0,0,0,0,0,0,0,0,0
16374,0,0,0,0,0,0,0,0,0,0,0,0,0,0,0,0,0,0,0,0,0
16379,0,0,0,0,0,0,0,0,0,0,0,0,0,0,0,0,0,0,0,0,0
16386,0,0,0,0,0,0,0,0,0,0,0,0,0,0,0,0,0,0,0,0,0
16393,0,0,0,0,0,0,0,0,0,0,0,0,0,0,0,0,0,0,0,0,0
16395,0,0,0,0,0,0,0,0,0,0,0,0,0,0,0,0,0,0,0,0,0
16399,0,0,0,0,0,0,0,0,0,0,0,0,0,0,0,0,0,0,0,0,0
16401,0,0,0,0,0,0,0,0,0,0,0,0,0,0,0,0,0,0,0,0,0
16406,0,0,0,0,0,0,0,0,0,0,0,0,0,0,0,0,0,0,0,0,0
16407,0,0,0,0,0,0,0,0,0,0,0,0,0,0,0,0,0,0,0,0,0
16409,0,0,0,0,0,0,0,0,0,0,0,0,0,0,0,0,0,0,0,0,0
16412,0,0,0,0,0,0,0,0,0,0,0,0,0,0,0,0,0,0,0,0,0
16416,0,0,0,0,0,0,0,0,0,0,0,0,0,0,0,0,0,0,0,0,0
16422,0,0,0,0,0,0,0,0,0,0,0,0,0,0,0,0,0,0,0,0,0
16426,0,0,0,0,0,0,0,0,0,0,0,0,0,0,0,0,0,0,0,0,0
16438,0,0,0,0,0,0,0,0,0,0,0,0,0,0,0,0,0,0,0,0,0
16440,0,0,0,0,0,0,0,0,0,0,0,0,0,0,0,0,0,0,0,0,0
16444,0,0,0,0,0,0,0,0,0,0,0,0,0,0,0,0,0,0,0,0,0
16445,0,0,0,0,0,0,0,0,0,0,0,0,0,0,0,0,0,0,0,0,0
16458,0,0,0,0,0,0,0,0,0,0,0,0,0,0,0,0,0,0,0,0,0
16463,0,0,0,0,0,0,0,0,0,0,0,0,0,0,0,0,0,0,0,0,0
16464,0,0,0,0,0,0,0,0,0,0,0,0,0,0,0,0,0,0,0,0,0
16466,0,0,0,0,0,0,0,0,0,0,0,0,0,0,0,0,0,0,0,0,0
16469,0,0,0,0,0,0,0,0,0,0,0,0,0,0,0,0,0,0,0,0,0
16474,0,0,0,0,0,0,0,0,0,0,0,0,0,0,0,0,0,0,0,0,0
16477,0,0,0,0,0,0,0,0,0,0,0,0,0,0,0,0,0,0,0,0,0
16491,0,0,0,0,0,0,0,0,0,0,0,0,0,0,0,0,0,0,0,0,0
16515,0,0,0,0,0,0,0,0,0,0,0,0,0,0,0,0,0,0,0,0,0
16523,0,0,0,0,0,0,0,0,0,0,0,0,0,0,0,0,0,0,0,0,0
16525,0,0,0,0,0,0,0,0,0,0,0,0,0,0,0,0,0,0,0,0,0
16549,0,0,0,0,0,0,0,0,0,0,0,0,0,0,0,0,0,0,0,0,0
16554,0,0,0,0,0,0,0,0,0,0,0,0,0,0,0,0,0,0,0,0,0
16556,0,0,0,0,0,0,0,0,0,0,0,0,0,0,0,0,0,0,0,0,0
16557,0,0,0,0,0,0,0,0,0,0,0,0,0,0,0,0,0,0,0,0,0
16563,0,0,0,0,0,0,0,0,0,0,0,0,0,0,0,0,0,0,0,0,0
16570,0,0,0,0,0,0,0,0,0,0,0,0,0,0,0,0,0,0,0,0,0
16571,0,0,0,0,0,0,0,0,0,0,0,0,0,0,0,0,0,0,0,0,0
16592,0,0,0,0,0,0,0,0,0,0,0,0,0,0,0,0,0,0,0,0,0
16595,0,0,0,0,0,0,0,0,0,0,0,0,0,0,0,0,0,0,0,0,0
16602,0,0,0,0,0,0,0,0,0,0,0,0,0,0,0,0,0,0,0,0,0
16609,0,0,0,0,0,0,0,0,0,0,0,0,0,0,0,0,0,0,0,0,0
16612,0,0,0,0,0,0,0,0,0,0,0,0,0,0,0,0,0,0,0,0,0
16616,0,0,0,0,0,0,0,0,0,0,0,0,0,0,0,0,0,0,0,0,0
16618,0,0,0,0,0,0,0,0,0,0,0,0,0,0,0,0,0,0,0,0,0
16620,0,0,0,0,0,0,0,0,0,0,0,0,0,0,0,0,0,0,0,0,0
16626,0,0,0,0,0,0,0,0,0,0,0,0,0,0,0,0,0,0,0,0,0
16628,0,0,0,0,0,0,0,0,0,0,0,0,0,0,0,0,0,0,0,0,0
16633,0,0,0,0,0,0,0,0,0,0,0,0,0,0,0,0,0,0,0,0,0
16639,0,0,0,0,0,0,0,0,0,0,0,0,0,0,0,0,0,0,0,0,0
16648,0,0,0,0,0,0,0,0,0,0,0,0,0,0,0,0,0,0,0,0,0
16652,0,0,0,0,0,0,0,0,0,0,0,0,0,0,0,0,0,0,0,0,0
16655,0,0,0,0,0,0,0,0,0,0,0,0,0,0,0,0,0,0,0,0,0
16656,0,0,0,0,0,0,0,0,0,0,0,0,0,0,0,0,0,0,0,0,0
16657,0,0,0,0,0,0,0,0,0,0,0,0,0,0,0,0,0,0,0,0,0
16667,0,0,0,0,0,0,0,0,0,0,0,0,0,0,0,0,0,0,0,0,0
16668,0,0,0,0,0,0,0,0,0,0,0,0,0,0,0,0,0,0,0,0,0
16669,0,0,0,0,0,0,0,0,0,0,0,0,0,0,0,0,0,0,0,0,0
16674,0,0,0,0,0,0,0,0,0,0,0,0,0,0,0,0,0,0,0,0,0
16684,0,0,0,0,0,0,0,0,0,0,0,0,0,0,0,0,0,0,0,0,0
16686,0,0,0,0,0,0,0,0,0,0,0,0,0,0,0,0,0,0,0,0,0
16700,0,0,0,0,0,0,0,0,0,0,0,0,0,0,0,0,0,0,0,0,0
16705,0,0,0,0,0,0,0,0,0,0,0,0,0,0,0,0,0,0,0,0,0
16706,0,0,0,0,0,0,0,0,0,0,0,0,0,0,0,0,0,0,0,0,0
16713,0,0,0,0,0,0,0,0,0,0,0,0,0,0,0,0,0,0,0,0,0
16717,0,0,0,0,0,0,0,0,0,0,0,0,0,0,0,0,0,0,0,0,0
16719,0,0,0,0,0,0,0,0,0,0,0,0,0,0,0,0,0,0,0,0,0
16720,0,0,0,0,0,0,0,0,0,0,0,0,0,0,0,0,0,0,0,0,0
16722,0,0,0,0,0,0,0,0,0,0,0,0,0,0,0,0,0,0,0,0,0
16726,0,0,0,0,0,0,0,0,0,0,0,0,0,0,0,0,0,0,0,0,0
16728,0,0,0,0,0,0,0,0,0,0,0,0,0,0,0,0,0,0,0,0,0
16729,0,0,0,0,0,0,0,0,0,0,0,0,0,0,0,0,0,0,0,0,0
16743,0,0,0,0,0,0,0,0,0,0,0,0,0,0,0,0,0,0,0,0,0
16744,0,0,0,0,0,0,0,0,0,0,0,0,0,0,0,0,0,0,0,0,0
16748,0,0,0,0,0,0,0,0,0,0,0,0,0,0,0,0,0,0,0,0,0
16750,0,0,0,0,0,0,0,0,0,0,0,0,0,0,0,0,0,0,0,0,0
16762,0,0,0,0,0,0,0,0,0,0,0,0,0,0,0,0,0,0,0,0,0
16764,0,0,0,0,0,0,0,0,0,0,0,0,0,0,0,0,0,0,0,0,0
16767,0,0,0,0,0,0,0,0,0,0,0,0,0,0,0,0,0,0,0,0,0
16768,0,0,0,0,0,0,0,0,0,0,0,0,0,0,0,0,0,0,0,0,0
16770,0,0,0,0,0,0,0,0,0,0,0,0,0,0,0,0,0,0,0,0,0
16773,0,0,0,0,0,0,0,0,0,0,0,0,0,0,0,0,0,0,0,0,0
16775,0,0,0,0,0,0,0,0,0,0,0,0,0,0,0,0,0,0,0,0,0
16776,0,0,0,0,0,0,0,0,0,0,0,0,0,0,0,0,0,0,0,0,0
16779,0,0,0,0,0,0,0,0,0,0,0,0,0,0,0,0,0,0,0,0,0
16782,0,0,0,0,0,0,0,0,0,0,0,0,0,0,0,0,0,0,0,0,0
16791,0,0,0,0,0,0,0,0,0,0,0,0,0,0,0,0,0,0,0,0,0
16794,0,0,0,0,0,0,0,0,0,0,0,0,0,0,0,0,0,0,0,0,0
16804,0,0,0,0,0,0,0,0,0,0,0,0,0,0,0,0,0,0,0,0,0
16809,0,0,0,0,0,0,0,0,0,0,0,0,0,0,0,0,0,0,0,0,0
16813,0,0,0,0,0,0,0,0,0,0,0,0,0,0,0,0,0,0,0,0,0
16814,0,0,0,0,0,0,0,0,0,0,0,0,0,0,0,0,0,0,0,0,0
16830,0,0,0,0,0,0,0,0,0,0,0,0,0,0,0,0,0,0,0,0,0
16833,0,0,0,0,0,0,0,0,0,0,0,0,0,0,0,0,0,0,0,0,0
16837,0,0,0,0,0,0,0,0,0,0,0,0,0,0,0,0,0,0,0,0,0
16839,0,0,0,0,0,0,0,0,0,0,0,0,0,0,0,0,0,0,0,0,0
16841,0,0,0,0,0,0,0,0,0,0,0,0,0,0,0,0,0,0,0,0,0
16843,0,0,0,0,0,0,0,0,0,0,0,0,0,0,0,0,0,0,0,0,0
16848,0,0,0,0,0,0,0,0,0,0,0,0,0,0,0,0,0,0,0,0,0
16863,0,0,0,0,0,0,0,0,0,0,0,0,0,0,0,0,0,0,0,0,0
16869,0,0,0,0,0,0,0,0,0,0,0,0,0,0,0,0,0,0,0,0,0
16875,0,0,0,0,0,0,0,0,0,0,0,0,0,0,0,0,0,0,0,0,0
16884,0,0,0,0,0,0,0,0,0,0,0,0,0,0,0,0,0,0,0,0,0
16885,0,0,0,0,0,0,0,0,0,0,0,0,0,0,0,0,0,0,0,0,0
16887,0,0,0,0,0,0,0,0,0,0,0,0,0,0,0,0,0,0,0,0,0
16891,0,0,0,0,0,0,0,0,0,0,0,0,0,0,0,0,0,0,0,0,0
16892,0,0,0,0,0,0,0,0,0,0,0,0,0,0,0,0,0,0,0,0,0
16895,0,0,0,0,0,0,0,0,0,0,0,0,0,0,0,0,0,0,0,0,0
16898,0,0,0,0,0,0,0,0,0,0,0,0,0,0,0,0,0,0,0,0,0
16899,0,0,0,0,0,0,0,0,0,0,0,0,0,0,0,0,0,0,0,0,0
16903,0,0,0,0,0,0,0,0,0,0,0,0,0,0,0,0,0,0,0,0,0
16904,0,0,0,0,0,0,0,0,0,0,0,0,0,0,0,0,0,0,0,0,0
16905,0,0,0,0,0,0,0,0,0,0,0,0,0,0,0,0,0,0,0,0,0
16910,0,0,0,0,0,0,0,0,0,0,0,0,0,0,0,0,0,0,0,0,0
16916,0,0,0,0,0,0,0,0,0,0,0,0,0,0,0,0,0,0,0,0,0
16918,0,0,0,0,0,0,0,0,0,0,0,0,0,0,0,0,0,0,0,0,0
16921,0,0,0,0,0,0,0,0,0,0,0,0,0,0,0,0,0,0,0,0,0
16923,0,0,0,0,0,0,0,0,0,0,0,0,0,0,0,0,0,0,0,0,0
16924,0,0,0,0,0,0,0,0,0,0,0,0,0,0,0,0,0,0,0,0,0
16929,0,0,0,0,0,0,0,0,0,0,0,0,0,0,0,0,0,0,0,0,0
16931,0,0,0,0,0,0,0,0,0,0,0,0,0,0,0,0,0,0,0,0,0
16932,0,0,0,0,0,0,0,0,0,0,0,0,0,0,0,0,0,0,0,0,0
16934,0,0,0,0,0,0,0,0,0,0,0,0,0,0,0,0,0,0,0,0,0
16936,0,0,0,0,0,0,0,0,0,0,0,0,0,0,0,0,0,0,0,0,0
16940,0,0,0,0,0,0,0,0,0,0,0,0,0,0,0,0,0,0,0,0,0
16942,0,0,0,0,0,0,0,0,0,0,0,0,0,0,0,0,0,0,0,0,0
16945,0,0,0,0,0,0,0,0,0,0,0,0,0,0,0,0,0,0,0,0,0
16949,0,0,0,0,0,0,0,0,0,0,0,0,0,0,0,0,0,0,0,0,0
16950,0,0,0,0,0,0,0,0,0,0,0,0,0,0,0,0,0,0,0,0,0
16960,0,0,0,0,0,0,0,0,0,0,0,0,0,0,0,0,0,0,0,0,0
16979,0,0,0,0,0,0,0,0,0,0,0,0,0,0,0,0,0,0,0,0,0
16985,0,0,0,0,0,0,0,0,0,0,0,0,0,0,0,0,0,0,0,0,0
16986,0,0,0,0,0,0,0,0,0,0,0,0,0,0,0,0,0,0,0,0,0
16988,0,0,0,0,0,0,0,0,0,0,0,0,0,0,0,0,0,0,0,0,0
16992,0,0,0,0,0,0,0,0,0,0,0,0,0,0,0,0,0,0,0,0,0
16996,0,0,0,0,0,0,0,0,0,0,0,0,0,0,0,0,0,0,0,0,0
17001,0,0,0,0,0,0,0,0,0,0,0,0,0,0,0,0,0,0,0,0,0
17011,0,0,0,0,0,0,0,0,0,0,0,0,0,0,0,0,0,0,0,0,0
17017,0,0,0,0,0,0,0,0,0,0,0,0,0,0,0,0,0,0,0,0,0
17019,0,0,0,0,0,0,0,0,0,0,0,0,0,0,0,0,0,0,0,0,0
17022,0,0,0,0,0,0,0,0,0,0,0,0,0,0,0,0,0,0,0,0,0
17025,0,0,0,0,0,0,0,0,0,0,0,0,0,0,0,0,0,0,0,0,0
17031,0,0,0,0,0,0,0,0,0,0,0,0,0,0,0,0,0,0,0,0,0
17034,0,0,0,0,0,0,0,0,0,0,0,0,0,0,0,0,0,0,0,0,0
17038,0,0,0,0,0,0,0,0,0,0,0,0,0,0,0,0,0,0,0,0,0
17043,0,0,0,0,0,0,0,0,0,0,0,0,0,0,0,0,0,0,0,0,0
17049,0,0,0,0,0,0,0,0,0,0,0,0,0,0,0,0,0,0,0,0,0
17059,0,0,0,0,0,0,0,0,0,0,0,0,0,0,0,0,0,0,0,0,0
17063,0,0,0,0,0,0,0,0,0,0,0,0,0,0,0,0,0,0,0,0,0
17068,0,0,0,0,0,0,0,0,0,0,0,0,0,0,0,0,0,0,0,0,0
17069,0,0,0,0,0,0,0,0,0,0,0,0,0,0,0,0,0,0,0,0,0
17076,0,0,0,0,0,0,0,0,0,0,0,0,0,0,0,0,0,0,0,0,0
17081,0,0,0,0,0,0,0,0,0,0,0,0,0,0,0,0,0,0,0,0,0
17082,0,0,0,0,0,0,0,0,0,0,0,0,0,0,0,0,0,0,0,0,0
17088,0,0,0,0,0,0,0,0,0,0,0,0,0,0,0,0,0,0,0,0,0
17090,0,0,0,0,0,0,0,0,0,0,0,0,0,0,0,0,0,0,0,0,0
17091,0,0,0,0,0,0,0,0,0,0,0,0,0,0,0,0,0,0,0,0,0
17092,0,0,0,0,0,0,0,0,0,0,0,0,0,0,0,0,0,0,0,0,0
17095,0,0,0,0,0,0,0,0,0,0,0,0,0,0,0,0,0,0,0,0,0
17096,0,0,0,0,0,0,0,0,0,0,0,0,0,0,0,0,0,0,0,0,0
17097,0,0,0,0,0,0,0,0,0,0,0,0,0,0,0,0,0,0,0,0,0
17101,0,0,0,0,0,0,0,0,0,0,0,0,0,0,0,0,0,0,0,0,0
17107,0,0,0,0,0,0,0,0,0,0,0,0,0,0,0,0,0,0,0,0,0
17111,0,0,0,0,0,0,0,0,0,0,0,0,0,0,0,0,0,0,0,0,0
17115,0,0,0,0,0,0,0,0,0,0,0,0,0,0,0,0,0,0,0,0,0
17131,0,0,0,0,0,0,0,0,0,0,0,0,0,0,0,0,0,0,0,0,0
17135,0,0,0,0,0,0,0,0,0,0,0,0,0,0,0,0,0,0,0,0,0
17139,0,0,0,0,0,0,0,0,0,0,0,0,0,0,0,0,0,0,0,0,0
17158,0,0,0,0,0,0,0,0,0,0,0,0,0,0,0,0,0,0,0,0,0
17159,0,0,0,0,0,0,0,0,0,0,0,0,0,0,0,0,0,0,0,0,0
17160,0,0,0,0,0,0,0,0,0,0,0,0,0,0,0,0,0,0,0,0,0
17164,0,0,0,0,0,0,0,0,0,0,0,0,0,0,0,0,0,0,0,0,0
17169,0,0,0,0,0,0,0,0,0,0,0,0,0,0,0,0,0,0,0,0,0
17173,0,0,0,0,0,0,0,0,0,0,0,0,0,0,0,0,0,0,0,0,0
17183,0,0,0,0,0,0,0,0,0,0,0,0,0,0,0,0,0,0,0,0,0
17190,0,0,0,0,0,0,0,0,0,0,0,0,0,0,0,0,0,0,0,0,0
17191,0,0,0,0,0,0,0,0,0,0,0,0,0,0,0,0,0,0,0,0,0
17203,0,0,0,0,0,0,0,0,0,0,0,0,0,0,0,0,0,0,0,0,0
17211,0,0,0,0,0,0,0,0,0,0,0,0,0,0,0,0,0,0,0,0,0
17220,0,0,0,0,0,0,0,0,0,0,0,0,0,0,0,0,0,0,0,0,0
17222,0,0,0,0,0,0,0,0,0,0,0,0,0,0,0,0,0,0,0,0,0
17227,0,0,0,0,0,0,0,0,0,0,0,0,0,0,0,0,0,0,0,0,0
17228,0,0,0,0,0,0,0,0,0,0,0,0,0,0,0,0,0,0,0,0,0
17231,0,0,0,0,0,0,0,0,0,0,0,0,0,0,0,0,0,0,0,0,0
17236,0,0,0,0,0,0,0,0,0,0,0,0,0,0,0,0,0,0,0,0,0
17238,0,0,0,0,0,0,0,0,0,0,0,0,0,0,0,0,0,0,0,0,0
17243,0,0,0,0,0,0,0,0,0,0,0,0,0,0,0,0,0,0,0,0,0
17254,0,0,0,0,0,0,0,0,0,0,0,0,0,0,0,0,0,0,0,0,0
17266,0,0,0,0,0,0,0,0,0,0,0,0,0,0,0,0,0,0,0,0,0
17272,0,0,0,0,0,0,0,0,0,0,0,0,0,0,0,0,0,0,0,0,0
17284,0,0,0,0,0,0,0,0,0,0,0,0,0,0,0,0,0,0,0,0,0
17287,0,0,0,0,0,0,0,0,0,0,0,0,0,0,0,0,0,0,0,0,0
17289,0,0,0,0,0,0,0,0,0,0,0,0,0,0,0,0,0,0,0,0,0
17290,0,0,0,0,0,0,0,0,0,0,0,0,0,0,0,0,0,0,0,0,0
17293,0,0,0,0,0,0,0,0,0,0,0,0,0,0,0,0,0,0,0,0,0
17301,0,0,0,0,0,0,0,0,0,0,0,0,0,0,0,0,0,0,0,0,0
17302,0,0,0,0,0,0,0,0,0,0,0,0,0,0,0,0,0,0,0,0,0
17314,0,0,0,0,0,0,0,0,0,0,0,0,0,0,0,0,0,0,0,0,0
17315,0,0,0,0,0,0,0,0,0,0,0,0,0,0,0,0,0,0,0,0,0
17323,0,0,0,0,0,0,0,0,0,0,0,0,0,0,0,0,0,0,0,0,0
17324,0,0,0,0,0,0,0,0,0,0,0,0,0,0,0,0,0,0,0,0,0
17338,0,0,0,0,0,0,0,0,0,0,0,0,0,0,0,0,0,0,0,0,0
17340,0,0,0,0,0,0,0,0,0,0,0,0,0,0,0,0,0,0,0,0,0
17344,0,0,0,0,0,0,0,0,0,0,0,0,0,0,0,0,0,0,0,0,0
17345,0,0,0,0,0,0,0,0,0,0,0,0,0,0,0,0,0,0,0,0,0
17346,0,0,0,0,0,0,0,0,0,0,0,0,0,0,0,0,0,0,0,0,0
17348,0,0,0,0,0,0,0,0,0,0,0,0,0,0,0,0,0,0,0,0,0
17361,0,0,0,0,0,0,0,0,0,0,0,0,0,0,0,0,0,0,0,0,0
17364,0,0,0,0,0,0,0,0,0,0,0,0,0,0,0,0,0,0,0,0,0
17371,0,0,0,0,0,0,0,0,0,0,0,0,0,0,0,0,0,0,0,0,0
17373,0,0,0,0,0,0,0,0,0,0,0,0,0,0,0,0,0,0,0,0,0
17377,0,0,0,0,0,0,0,0,0,0,0,0,0,0,0,0,0,0,0,0,0
17381,0,0,0,0,0,0,0,0,0,0,0,0,0,0,0,0,0,0,0,0,0
17384,0,0,0,0,0,0,0,0,0,0,0,0,0,0,0,0,0,0,0,0,0
17386,0,0,0,0,0,0,0,0,0,0,0,0,0,0,0,0,0,0,0,0,0
17389,0,0,0,0,0,0,0,0,0,0,0,0,0,0,0,0,0,0,0,0,0
17397,0,0,0,0,0,0,0,0,0,0,0,0,0,0,0,0,0,0,0,0,0
17402,0,0,0,0,0,0,0,0,0,0,0,0,0,0,0,0,0,0,0,0,0
17403,0,0,0,0,0,0,0,0,0,0,0,0,0,0,0,0,0,0,0,0,0
17404,0,0,0,0,0,0,0,0,0,0,0,0,0,0,0,0,0,0,0,0,0
17410,0,0,0,0,0,0,0,0,0,0,0,0,0,0,0,0,0,0,0,0,0
17412,0,0,0,0,0,0,0,0,0,0,0,0,0,0,0,0,0,0,0,0,0
17416,0,0,0,0,0,0,0,0,0,0,0,0,0,0,0,0,0,0,0,0,0
17418,0,0,0,0,0,0,0,0,0,0,0,0,0,0,0,0,0,0,0,0,0
17419,0,0,0,0,0,0,0,0,0,0,0,0,0,0,0,0,0,0,0,0,0
17426,0,0,0,0,0,0,0,0,0,0,0,0,0,0,0,0,0,0,0,0,0
17430,0,0,0,0,0,0,0,0,0,0,0,0,0,0,0,0,0,0,0,0,0
17434,0,0,0,0,0,0,0,0,0,0,0,0,0,0,0,0,0,0,0,0,0
17447,0,0,0,0,0,0,0,0,0,0,0,0,0,0,0,0,0,0,0,0,0
17449,0,0,0,0,0,0,0,0,0,0,0,0,0,0,0,0,0,0,0,0,0
17450,0,0,0,0,0,0,0,0,0,0,0,0,0,0,0,0,0,0,0,0,0
17451,0,0,0,0,0,0,0,0,0,0,0,0,0,0,0,0,0,0,0,0,0
17458,0,0,0,0,0,0,0,0,0,0,0,0,0,0,0,0,0,0,0,0,0
17463,0,0,0,0,0,0,0,0,0,0,0,0,0,0,0,0,0,0,0,0,0
17466,0,0,0,0,0,0,0,0,0,0,0,0,0,0,0,0,0,0,0,0,0
17469,0,0,0,0,0,0,0,0,0,0,0,0,0,0,0,0,0,0,0,0,0
17470,0,0,0,0,0,0,0,0,0,0,0,0,0,0,0,0,0,0,0,0,0
17481,0,0,0,0,0,0,0,0,0,0,0,0,0,0,0,0,0,0,0,0,0
17491,0,0,0,0,0,0,0,0,0,0,0,0,0,0,0,0,0,0,0,0,0
17495,0,0,0,0,0,0,0,0,0,0,0,0,0,0,0,0,0,0,0,0,0
17510,0,0,0,0,0,0,0,0,0,0,0,0,0,0,0,0,0,0,0,0,0
17511,0,0,0,0,0,0,0,0,0,0,0,0,0,0,0,0,0,0,0,0,0
17512,0,0,0,0,0,0,0,0,0,0,0,0,0,0,0,0,0,0,0,0,0
17516,0,0,0,0,0,0,0,0,0,0,0,0,0,0,0,0,0,0,0,0,0
17519,0,0,0,0,0,0,0,0,0,0,0,0,0,0,0,0,0,0,0,0,0
17521,0,0,0,0,0,0,0,0,0,0,0,0,0,0,0,0,0,0,0,0,0
17522,0,0,0,0,0,0,0,0,0,0,0,0,0,0,0,0,0,0,0,0,0
17526,0,0,0,0,0,0,0,0,0,0,0,0,0,0,0,0,0,0,0,0,0
17528,0,0,0,0,0,0,0,0,0,0,0,0,0,0,0,0,0,0,0,0,0
17530,0,0,0,0,0,0,0,0,0,0,0,0,0,0,0,0,0,0,0,0,0
17540,0,0,0,0,0,0,0,0,0,0,0,0,0,0,0,0,0,0,0,0,0
17545,0,0,0,0,0,0,0,0,0,0,0,0,0,0,0,0,0,0,0,0,0
17552,0,0,0,0,0,0,0,0,0,0,0,0,0,0,0,0,0,0,0,0,0
17555,0,0,0,0,0,0,0,0,0,0,0,0,0,0,0,0,0,0,0,0,0
17562,0,0,0,0,0,0,0,0,0,0,0,0,0,0,0,0,0,0,0,0,0
17567,0,0,0,0,0,0,0,0,0,0,0,0,0,0,0,0,0,0,0,0,0
17571,0,0,0,0,0,0,0,0,0,0,0,0,0,0,0,0,0,0,0,0,0
17573,0,0,0,0,0,0,0,0,0,0,0,0,0,0,0,0,0,0,0,0,0
17576,0,0,0,0,0,0,0,0,0,0,0,0,0,0,0,0,0,0,0,0,0
17581,0,0,0,0,0,0,0,0,0,0,0,0,0,0,0,0,0,0,0,0,0
17589,0,0,0,0,0,0,0,0,0,0,0,0,0,0,0,0,0,0,0,0,0
17593,0,0,0,0,0,0,0,0,0,0,0,0,0,0,0,0,0,0,0,0,0
17596,0,0,0,0,0,0,0,0,0,0,0,0,0,0,0,0,0,0,0,0,0
17602,0,0,0,0,0,0,0,0,0,0,0,0,0,0,0,0,0,0,0,0,0
17609,0,0,0,0,0,0,0,0,0,0,0,0,0,0,0,0,0,0,0,0,0
17613,0,0,0,0,0,0,0,0,0,0,0,0,0,0,0,0,0,0,0,0,0
17625,0,0,0,0,0,0,0,0,0,0,0,0,0,0,0,0,0,0,0,0,0
17629,0,0,0,0,0,0,0,0,0,0,0,0,0,0,0,0,0,0,0,0,0
17633,0,0,0,0,0,0,0,0,0,0,0,0,0,0,0,0,0,0,0,0,0
17634,0,0,0,0,0,0,0,0,0,0,0,0,0,0,0,0,0,0,0,0,0
17644,0,0,0,0,0,0,0,0,0,0,0,0,0,0,0,0,0,0,0,0,0
17651,0,0,0,0,0,0,0,0,0,0,0,0,0,0,0,0,0,0,0,0,0
17652,0,0,0,0,0,0,0,0,0,0,0,0,0,0,0,0,0,0,0,0,0
17653,0,0,0,0,0,0,0,0,0,0,0,0,0,0,0,0,0,0,0,0,0
17655,0,0,0,0,0,0,0,0,0,0,0,0,0,0,0,0,0,0,0,0,0
17659,0,0,0,0,0,0,0,0,0,0,0,0,0,0,0,0,0,0,0,0,0
17663,0,0,0,0,0,0,0,0,0,0,0,0,0,0,0,0,0,0,0,0,0
17667,0,0,0,0,0,0,0,0,0,0,0,0,0,0,0,0,0,0,0,0,0
17671,0,0,0,0,0,0,0,0,0,0,0,0,0,0,0,0,0,0,0,0,0
17672,0,0,0,0,0,0,0,0,0,0,0,0,0,0,0,0,0,0,0,0,0
17673,0,0,0,0,0,0,0,0,0,0,0,0,0,0,0,0,0,0,0,0,0
17675,0,0,0,0,0,0,0,0,0,0,0,0,0,0,0,0,0,0,0,0,0
17676,0,0,0,0,0,0,0,0,0,0,0,0,0,0,0,0,0,0,0,0,0
17677,0,0,0,0,0,0,0,0,0,0,0,0,0,0,0,0,0,0,0,0,0
17682,0,0,0,0,0,0,0,0,0,0,0,0,0,0,0,0,0,0,0,0,0
17685,0,0,0,0,0,0,0,0,0,0,0,0,0,0,0,0,0,0,0,0,0
17686,0,0,0,0,0,0,0,0,0,0,0,0,0,0,0,0,0,0,0,0,0
17690,0,0,0,0,0,0,0,0,0,0,0,0,0,0,0,0,0,0,0,0,0
17700,0,0,0,0,0,0,0,0,0,0,0,0,0,0,0,0,0,0,0,0,0
17702,0,0,0,0,0,0,0,0,0,0,0,0,0,0,0,0,0,0,0,0,0
17703,0,0,0,0,0,0,0,0,0,0,0,0,0,0,0,0,0,0,0,0,0
17705,0,0,0,0,0,0,0,0,0,0,0,0,0,0,0,0,0,0,0,0,0
17706,0,0,0,0,0,0,0,0,0,0,0,0,0,0,0,0,0,0,0,0,0
17716,0,0,0,0,0,0,0,0,0,0,0,0,0,0,0,0,0,0,0,0,0
17720,0,0,0,0,0,0,0,0,0,0,0,0,0,0,0,0,0,0,0,0,0
17728,0,0,0,0,0,0,0,0,0,0,0,0,0,0,0,0,0,0,0,0,0
17735,0,0,0,0,0,0,0,0,0,0,0,0,0,0,0,0,0,0,0,0,0
17738,0,0,0,0,0,0,0,0,0,0,0,0,0,0,0,0,0,0,0,0,0
17754,0,0,0,0,0,0,0,0,0,0,0,0,0,0,0,0,0,0,0,0,0
17757,0,0,0,0,0,0,0,0,0,0,0,0,0,0,0,0,0,0,0,0,0
17764,0,0,0,0,0,0,0,0,0,0,0,0,0,0,0,0,0,0,0,0,0
17767,0,0,0,0,0,0,0,0,0,0,0,0,0,0,0,0,0,0,0,0,0
17768,0,0,0,0,0,0,0,0,0,0,0,0,0,0,0,0,0,0,0,0,0
17769,0,0,0,0,0,0,0,0,0,0,0,0,0,0,0,0,0,0,0,0,0
17777,0,0,0,0,0,0,0,0,0,0,0,0,0,0,0,0,0,0,0,0,0
17779,0,0,0,0,0,0,0,0,0,0,0,0,0,0,0,0,0,0,0,0,0
17790,0,0,0,0,0,0,0,0,0,0,0,0,0,0,0,0,0,0,0,0,0
17797,0,0,0,0,0,0,0,0,0,0,0,0,0,0,0,0,0,0,0,0,0
17799,0,0,0,0,0,0,0,0,0,0,0,0,0,0,0,0,0,0,0,0,0
17811,0,0,0,0,0,0,0,0,0,0,0,0,0,0,0,0,0,0,0,0,0
17812,0,0,0,0,0,0,0,0,0,0,0,0,0,0,0,0,0,0,0,0,0
17813,0,0,0,0,0,0,0,0,0,0,0,0,0,0,0,0,0,0,0,0,0
17827,0,0,0,0,0,0,0,0,0,0,0,0,0,0,0,0,0,0,0,0,0
17830,0,0,0,0,0,0,0,0,0,0,0,0,0,0,0,0,0,0,0,0,0
17837,0,0,0,0,0,0,0,0,0,0,0,0,0,0,0,0,0,0,0,0,0
17838,0,0,0,0,0,0,0,0,0,0,0,0,0,0,0,0,0,0,0,0,0
17841,0,0,0,0,0,0,0,0,0,0,0,0,0,0,0,0,0,0,0,0,0
17852,0,0,0,0,0,0,0,0,0,0,0,0,0,0,0,0,0,0,0,0,0
17858,0,0,0,0,0,0,0,0,0,0,0,0,0,0,0,0,0,0,0,0,0
17861,0,0,0,0,0,0,0,0,0,0,0,0,0,0,0,0,0,0,0,0,0
17865,0,0,0,0,0,0,0,0,0,0,0,0,0,0,0,0,0,0,0,0,0
17870,0,0,0,0,0,0,0,0,0,0,0,0,0,0,0,0,0,0,0,0,0
17883,0,0,0,0,0,0,0,0,0,0,0,0,0,0,0,0,0,0,0,0,0
17884,0,0,0,0,0,0,0,0,0,0,0,0,0,0,0,0,0,0,0,0,0
17913,0,0,0,0,0,0,0,0,0,0,0,0,0,0,0,0,0,0,0,0,0
17920,0,0,0,0,0,0,0,0,0,0,0,0,0,0,0,0,0,0,0,0,0
17921,0,0,0,0,0,0,0,0,0,0,0,0,0,0,0,0,0,0,0,0,0
17932,0,0,0,0,0,0,0,0,0,0,0,0,0,0,0,0,0,0,0,0,0
17949,0,0,0,0,0,0,0,0,0,0,0,0,0,0,0,0,0,0,0,0,0
17954,0,0,0,0,0,0,0,0,0,0,0,0,0,0,0,0,0,0,0,0,0
17961,0,0,0,0,0,0,0,0,0,0,0,0,0,0,0,0,0,0,0,0,0
17974,0,0,0,0,0,0,0,0,0,0,0,0,0,0,0,0,0,0,0,0,0
17975,0,0,0,0,0,0,0,0,0,0,0,0,0,0,0,0,0,0,0,0,0
17979,0,0,0,0,0,0,0,0,0,0,0,0,0,0,0,0,0,0,0,0,0
17999,0,0,0,0,0,0,0,0,0,0,0,0,0,0,0,0,0,0,0,0,0
18001,0,0,0,0,0,0,0,0,0,0,0,0,0,0,0,0,0,0,0,0,0
18016,0,0,0,0,0,0,0,0,0,0,0,0,0,0,0,0,0,0,0,0,0
18022,0,0,0,0,0,0,0,0,0,0,0,0,0,0,0,0,0,0,0,0,0
18035,0,0,0,0,0,0,0,0,0,0,0,0,0,0,0,0,0,0,0,0,0
18036,0,0,0,0,0,0,0,0,0,0,0,0,0,0,0,0,0,0,0,0,0
18040,0,0,0,0,0,0,0,0,0,0,0,0,0,0,0,0,0,0,0,0,0
18041,0,0,0,0,0,0,0,0,0,0,0,0,0,0,0,0,0,0,0,0,0
18053,0,0,0,0,0,0,0,0,0,0,0,0,0,0,0,0,0,0,0,0,0
18055,0,0,0,0,0,0,0,0,0,0,0,0,0,0,0,0,0,0,0,0,0
18058,0,0,0,0,0,0,0,0,0,0,0,0,0,0,0,0,0,0,0,0,0
18069,0,0,0,0,0,0,0,0,0,0,0,0,0,0,0,0,0,0,0,0,0
18075,0,0,0,0,0,0,0,0,0,0,0,0,0,0,0,0,0,0,0,0,0
18079,0,0,0,0,0,0,0,0,0,0,0,0,0,0,0,0,0,0,0,0,0
18096,0,0,0,0,0,0,0,0,0,0,0,0,0,0,0,0,0,0,0,0,0
18097,0,0,0,0,0,0,0,0,0,0,0,0,0,0,0,0,0,0,0,0,0
18109,0,0,0,0,0,0,0,0,0,0,0,0,0,0,0,0,0,0,0,0,0
18116,0,0,0,0,0,0,0,0,0,0,0,0,0,0,0,0,0,0,0,0,0
18118,0,0,0,0,0,0,0,0,0,0,0,0,0,0,0,0,0,0,0,0,0
18122,0,0,0,0,0,0,0,0,0,0,0,0,0,0,0,0,0,0,0,0,0
18123,0,0,0,0,0,0,0,0,0,0,0,0,0,0,0,0,0,0,0,0,0
18125,0,0,0,0,0,0,0,0,0,0,0,0,0,0,0,0,0,0,0,0,0
18127,0,0,0,0,0,0,0,0,0,0,0,0,0,0,0,0,0,0,0,0,0
18144,0,0,0,0,0,0,0,0,0,0,0,0,0,0,0,0,0,0,0,0,0
18149,0,0,0,0,0,0,0,0,0,0,0,0,0,0,0,0,0,0,0,0,0
18154,0,0,0,0,0,0,0,0,0,0,0,0,0,0,0,0,0,0,0,0,0
18156,0,0,0,0,0,0,0,0,0,0,0,0,0,0,0,0,0,0,0,0,0
18158,0,0,0,0,0,0,0,0,0,0,0,0,0,0,0,0,0,0,0,0,0
18161,0,0,0,0,0,0,0,0,0,0,0,0,0,0,0,0,0,0,0,0,0
18167,0,0,0,0,0,0,0,0,0,0,0,0,0,0,0,0,0,0,0,0,0
18172,0,0,0,0,0,0,0,0,0,0,0,0,0,0,0,0,0,0,0,0,0
18174,0,0,0,0,0,0,0,0,0,0,0,0,0,0,0,0,0,0,0,0,0
18177,0,0,0,0,0,0,0,0,0,0,0,0,0,0,0,0,0,0,0,0,0
18180,0,0,0,0,0,0,0,0,0,0,0,0,0,0,0,0,0,0,0,0,0
18181,0,0,0,0,0,0,0,0,0,0,0,0,0,0,0,0,0,0,0,0,0
18188,0,0,0,0,0,0,0,0,0,0,0,0,0,0,0,0,0,0,0,0,0
18198,0,0,0,0,0,0,0,0,0,0,0,0,0,0,0,0,0,0,0,0,0
18210,0,0,0,0,0,0,0,0,0,0,0,0,0,0,0,0,0,0,0,0,0
18211,0,0,0,0,0,0,0,0,0,0,0,0,0,0,0,0,0,0,0,0,0
18219,0,0,0,0,0,0,0,0,0,0,0,0,0,0,0,0,0,0,0,0,0
18223,0,0,0,0,0,0,0,0,0,0,0,0,0,0,0,0,0,0,0,0,0
18225,0,0,0,0,0,0,0,0,0,0,0,0,0,0,0,0,0,0,0,0,0
18226,0,0,0,0,0,0,0,0,0,0,0,0,0,0,0,0,0,0,0,0,0
18229,0,0,0,0,0,0,0,0,0,0,0,0,0,0,0,0,0,0,0,0,0
18230,0,0,0,0,0,0,0,0,0,0,0,0,0,0,0,0,0,0,0,0,0
18252,0,0,0,0,0,0,0,0,0,0,0,0,0,0,0,0,0,0,0,0,0
18257,0,0,0,0,0,0,0,0,0,0,0,0,0,0,0,0,0,0,0,0,0
18263,0,0,0,0,0,0,0,0,0,0,0,0,0,0,0,0,0,0,0,0,0
18272,0,0,0,0,0,0,0,0,0,0,0,0,0,0,0,0,0,0,0,0,0
18277,0,0,0,0,0,0,0,0,0,0,0,0,0,0,0,0,0,0,0,0,0
18283,0,0,0,0,0,0,0,0,0,0,0,0,0,0,0,0,0,0,0,0,0
